[Licensing::Module] Trying to connect to existing licensing client channel...
Built from '6000.5/staging' branch; Version is '6000.5.10f1 (3bd4f66ad299) revision 3921142'; Using compiler version '194234433'; Build Type 'Release'
OS: 'Windows 11  (10.0.26200) Professional' Language: 'ru' Physical Memory: 16011 MB
BatchMode: 0, IsHumanControllingUs: 1, StartBugReporterOnCrash: 1, Is64bit: 1
System  architecture: x64
Process architecture: x64
[Licensing::IpcConnector] Successfully connected to: "LicenseClient-Retr0" at "2026-09-01T09:10:08.8776746Z"
Date: 2026-09-01T09:10:08Z

COMMAND LINE ARGUMENTS:
E:\Unity\6000.5.10f1\Editor\Unity.exe
-projectpath
E:\Unity\Test
-acceptSoftwareTermsForThisRunOnly
-useHub
-hubIPC
-cloudEnvironment
production
-licensingIpc
LicenseClient-Retr0
-hubSessionId
b9b999b6-aed8-4088-b727-29e373e5b419
-accessToken
Eg1gRxPnbniCTSYKREkMHU1fJsRMmbhK55j8fSWCd44005f
Successfully changed project path to: E:\Unity\Test
E:/Unity/Test
[UnityMemory] Configuration Parameters - Can be set up in boot.config
    "memorysetup-temp-allocator-size-gi-baking-worker=262144"
    "memorysetup-temp-allocator-size-gi-baking-worker=262144"
    "memorysetup-temp-allocator-size-gi-baking-worker=262144"
    "memorysetup-temp-allocator-size-gi-baking-worker=262144"
    "memorysetup-temp-allocator-size-gi-baking-worker=262144"
    "memorysetup-temp-allocator-size-nav-mesh-worker=65536"
    "memorysetup-temp-allocator-size-audio-worker=65536"
    "memorysetup-temp-allocator-size-cloud-worker=32768"
    "memorysetup-temp-allocator-size-gfx=262144"
    "memorysetup-remapper-allocator-initial-capacity=32768"
    "memorysetup-temp-allocator-size-preload-manager=33554432"
    "memorysetup-allocator-temp-initial-block-size-main=262144"
    "memorysetup-allocator-temp-initial-block-size-worker=262144"
    "memorysetup-temp-allocator-size-job-worker=262144"
    "memorysetup-temp-allocator-size-background-worker=32768"
    "memorysetup-bucket-allocator-granularity=16"
    "memorysetup-bucket-allocator-bucket-count=8"
    "memorysetup-bucket-allocator-block-size=33554432"
    "memorysetup-bucket-allocator-block-count=8"
    "memorysetup-main-allocator-block-size=16777216"
    "memorysetup-thread-allocator-block-size=16777216"
    "memorysetup-main-allocator-mimalloc-enabled=0"
    "memorysetup-gfx-main-allocator-block-size=16777216"
    "memorysetup-gfx-thread-allocator-block-size=16777216"
    "memorysetup-cache-allocator-block-size=4194304"
    "memorysetup-typetree-allocator-block-size=2097152"
    "memorysetup-profiler-bucket-allocator-granularity=16"
    "memorysetup-profiler-bucket-allocator-bucket-count=8"
    "memorysetup-profiler-bucket-allocator-block-size=33554432"
    "memorysetup-profiler-bucket-allocator-block-count=8"
    "memorysetup-profiler-allocator-block-size=16777216"
    "memorysetup-profiler-editor-allocator-block-size=1048576"
    "memorysetup-temp-allocator-size-main=16777216"
    "memorysetup-job-temp-allocator-block-size=2097152"
    "memorysetup-job-temp-allocator-block-size-background=1048576"
    "memorysetup-job-temp-allocator-reduction-small-platforms=262144"
Player connection [6396]  Target information:

Player connection [6396]  * "[IP] 192.168.56.1 [Port] 55504 [Flags] 2 [Guid] 4122251621 [EditorId] 4122251621 [Version] 1048832 [Id] WindowsEditor(7,WIN-3520KHNTA06) [Debug] 1 [PackageName] WindowsEditor [ProjectName] Editor" 

Player connection [6396]  * "[IP] 192.168.151.1 [Port] 55504 [Flags] 2 [Guid] 4122251621 [EditorId] 4122251621 [Version] 1048832 [Id] WindowsEditor(7,WIN-3520KHNTA06) [Debug] 1 [PackageName] WindowsEditor [ProjectName] Editor" 

Player connection [6396]  * "[IP] 192.168.84.1 [Port] 55504 [Flags] 2 [Guid] 4122251621 [EditorId] 4122251621 [Version] 1048832 [Id] WindowsEditor(7,WIN-3520KHNTA06) [Debug] 1 [PackageName] WindowsEditor [ProjectName] Editor" 

Player connection [6396]  * "[IP] 26.101.142.246 [Port] 55504 [Flags] 2 [Guid] 4122251621 [EditorId] 4122251621 [Version] 1048832 [Id] WindowsEditor(7,WIN-3520KHNTA06) [Debug] 1 [PackageName] WindowsEditor [ProjectName] Editor" 

Player connection [6396]  * "[IP] 192.168.57.187 [Port] 55504 [Flags] 2 [Guid] 4122251621 [EditorId] 4122251621 [Version] 1048832 [Id] WindowsEditor(7,WIN-3520KHNTA06) [Debug] 1 [PackageName] WindowsEditor [ProjectName] Editor" 

Player connection [6396] Host joined multi-casting on [225.0.0.222:54997]...
Player connection [6396] Host joined alternative multi-casting on [225.0.0.222:34997]...
Input System module state changed to: Initialized.
[Physics::Module] Initialized fallback backend.
[Physics::Module] Id: 0xdecafbad
[Package Manager] Connected to IPC stream "Upm-21536" after 0.4 seconds.
[Licensing::Module] Licensing is not yet initialized.
[Licensing::Client] Error: HandshakeResponse reported an error:
	ResponseCode: 505
	ResponseStatus: Unsupported protocol version '1.18.3'.
[Licensing::Module] Error: Failed to handshake to channel: "LicenseClient-Retr0"
[Licensing::IpcConnector] LicenseClient-Retr0 channel disconnected successfully.
[Licensing::IpcConnector] Channel LicenseClient-Retr0-6000.5.10 doesn't exist
[Licensing::Module] Successfully launched the LicensingClient (PId: 20508)
Starting IPC server.
Waiting for clients to connect on \\.\pipe\Unity-LicenseClient-Retr0-6000.5.10, press Ctrl-C to exit.
[Licensing::IpcConnector] Successfully connected to: "LicenseClient-Retr0-6000.5.10" at "2026-09-01T09:10:20.7367057Z"
[Licensing::Client] Code 10 while verifying Licensing Client signature (process Id: 20508, path: "E:/Unity/6000.5.10f1/Editor/Data/Resources/Licensing/Client/Unity.Licensing.Client.exe")
[Licensing::Module] LicensingClient has failed validation; ignoring
[Licensing::Client] Handshaking with LicensingClient:
  Version:                 1.18.3+d7ffd15
  Session Id:              24ab27578d724b59a0a5f1f14d9619d1
  Correlation Id:          3cafa20e66ac3cf8c1cba8a7ef17a5b9
  External correlation Id: 2003417622791081267
  Machine Id:              +A+DZp5qBUjdFgSXnThWDwLrh8g=
[Licensing::Module] Successfully connected to LicensingClient on channel: "LicenseClient-Retr0-6000.5.10" (connect: 4.37s, validation: 0.31s, handshake: 0.01s)
[Licensing::IpcConnector] Successfully connected to: "LicenseClient-Retr0-6000.5.10-notifications" at "2026-09-01T09:10:21.0578858Z"
[Licensing::Module] Connected to LicensingClient (PId: 20508, launch time: 0.03, total connection time: 4.69s)
[Licensing::Client] Successfully updated the access token
[Licensing::Module] Successfully updated the access token Eg1gRxPnbn...
[Licensing::Client] Successfully resolved entitlement details
[Licensing::Module] License group:
  Id: 5774106667280-UnityPersXXXX
  Product: Unity Personal
  Type: Assigned
  Expiration: Unlimited
[Licensing::Client] Successfully updated license, isAsync: True, time: 0.01
[Licensing::Client] Successfully resolved entitlement details
[Licensing::Module] Licensing Background thread has ended after 12.22s
[Licensing::Module] Licensing is initialized (took 10.74s).
[Licensing::Client] Successfully resolved entitlement details
Library Redirect Path: Library/
[Physics::Module] Selected backend.
[Physics::Module] Name: PhysX
[Physics::Module] Id: 0xf2b8ea05
[Physics::Module] SDK Version: 4.1.2
[Physics::Module] Integration Version: 1.0.0
[Physics::Module] Threading Mode: Multi-Threaded
Artifact Garbage Collection - Removed 1 unused hashed content files
Initialize engine version: 6000.5.10f1 (3bd4f66ad299)
[Subsystems] Discovering subsystems at path E:/Unity/6000.5.10f1/Editor/Data/Resources/UnitySubsystems
[Subsystems] Discovering subsystems at path E:/Unity/Test/Assets
[D3D12 Device Filter] Vendor Name: NVIDIA
[D3D12 Device Filter] Device Name: NVIDIA GeForce RTX 4050 Laptop GPU
[D3D12 Device Filter] Driver Version: 32.0.16.1088
[D3D12 Device Filter] Feature Level: 12.2
[D3D12 Device Filter] Graphics Memory: 5920 MB
[D3D12 Device Filter] Processor Count: 12
[D3D12 Device Filter] Device Type: Discrete
GfxDevice: creating device client; kGfxThreadingModeSplitJobs
d3d12: failed to query info queue interface (0x80004002).
Direct3D:
    Version:         Direct3D 12 [level 12.2]
    Renderer:        NVIDIA GeForce RTX 4050 Laptop GPU (ID=0x28a1)
    Vendor:          NVIDIA
    VRAM:            5920 MB
    App VRAM Budget: 5152 MB
    Driver:          32.0.16.1088
Initialize mono
Mono path[0] = 'E:/Unity/6000.5.10f1/Editor/Data/Managed'
Mono path[1] = 'E:/Unity/6000.5.10f1/Editor/Data/BCLExtensions/runtime/netstandard2.1'
Mono path[2] = 'E:/Unity/6000.5.10f1/Editor/Data/MonoBleedingEdge/lib/mono/unityjit-win32'
Mono config path = 'E:/Unity/6000.5.10f1/Editor/Data/MonoBleedingEdge/etc'
Using monoOptions --debugger-agent=transport=dt_socket,embedding=1,server=y,suspend=n,address=127.0.0.1:56536
CodeReloadManager initialized
ImportWorker Server TCP listen port: 0
AcceleratorClientConnectionCallback - disconnected - :0
Begin MonoManager ReloadAssembly
Registering precompiled unity dll's ...
Register platform support module: E:/Unity/6000.5.10f1/Editor/Data/PlaybackEngines/WebGLSupport/UnityEditor.WebGL.Extensions.dll
Register platform support module: E:/Unity/6000.5.10f1/Editor/Data/PlaybackEngines/WindowsStandaloneSupport/UnityEditor.WindowsStandalone.Extensions.dll
Registered in 0.312690 seconds.
Native extension for WindowsStandalone target not found
Native extension for WebGL target not found
Package Manager log level set to [2]
ScheduleIndexationOnStartup MainProcess:False IndexOnStartup:True
Mono: successfully reloaded assembly
- Finished resetting the current domain, in  1.594 seconds
Domain Reload Profiling: 4800ms
	BeginReloadAssembly (409ms)
		CreateAndSetChildDomain (27ms)
	RebuildCommonClasses (10ms)
	RebuildNativeTypeToScriptingClass (243ms)
	initialDomainReloadingComplete (517ms)
	LoadAllAssembliesAndSetupDomain (2025ms)
		LoadAssemblies (390ms)
		AnalyzeDomain (1854ms)
			TypeCache.Refresh (1850ms)
				TypeCache.ScanAssembly (1618ms)
	FinalizeReload (1595ms)
		SetupLoadedEditorAssemblies (0ms)
			InitializePlatformSupportModulesInManaged (4ms)
			BeforeProcessingInitializeOnLoad (161ms)
			ProcessInitializeOnLoadAttributes (239ms)
			ProcessInitializeOnLoadMethodAttributes (1091ms)
[Licensing::Client] Successfully resolved entitlement details
Application.AssetDatabase Initial Refresh Start
[Package Manager] Done resolving packages in 2.31 seconds
[Licensing::Client] Successfully resolved entitlement details
[Package Manager] Registered 56 packages:
  Packages from [https://packages.unity.com]:
    com.unity.cinemachine@3.1.6 (location: E:\Unity\Test\Library\PackageCache\com.unity.cinemachine@285f38545487)
    com.unity.inputsystem@1.20.0 (location: E:\Unity\Test\Library\PackageCache\com.unity.inputsystem@7a4e1a2a8194)
    com.unity.learn.iet-framework@6.0.6 (location: E:\Unity\Test\Library\PackageCache\com.unity.learn.iet-framework@20adddfea631)
    com.unity.editorcoroutines@1.1.0 (location: E:\Unity\Test\Library\PackageCache\com.unity.editorcoroutines@87a15ed012c2)
    com.unity.settings-manager@2.1.1 (location: E:\Unity\Test\Library\PackageCache\com.unity.settings-manager@0b8638c5ce86)
    com.unity.splines@2.9.0 (location: E:\Unity\Test\Library\PackageCache\com.unity.splines@e6e1d5900acc)
    com.unity.searcher@4.9.5 (location: E:\Unity\Test\Library\PackageCache\com.unity.searcher@a463122f2c00)
    com.unity.burst@1.8.30 (location: E:\Unity\Test\Library\PackageCache\com.unity.burst@2f3d916873ea)
    com.unity.nuget.mono-cecil@1.11.6 (location: E:\Unity\Test\Library\PackageCache\com.unity.nuget.mono-cecil@ecb9724e46ff)
    com.unity.test-framework.performance@3.5.0 (location: E:\Unity\Test\Library\PackageCache\com.unity.test-framework.performance@8b56083ec0f0)
  Built-in packages:
    com.unity.multiplayer.center@1.0.1 (location: E:\Unity\Test\Library\PackageCache\com.unity.multiplayer.center@b860850997d0)
    com.unity.render-pipelines.universal@17.5.0 (location: E:\Unity\Test\Library\PackageCache\com.unity.render-pipelines.universal@d7774c218bdf)
    com.unity.ugui@2.5.0 (location: E:\Unity\Test\Library\PackageCache\com.unity.ugui@1c4864518158)
    com.unity.modules.accessibility@1.0.0 (location: E:\Unity\Test\Library\PackageCache\com.unity.modules.accessibility)
    com.unity.modules.adaptiveperformance@1.0.0 (location: E:\Unity\Test\Library\PackageCache\com.unity.modules.adaptiveperformance)
    com.unity.modules.ai@1.0.0 (location: E:\Unity\Test\Library\PackageCache\com.unity.modules.ai)
    com.unity.modules.androidjni@1.0.0 (location: E:\Unity\Test\Library\PackageCache\com.unity.modules.androidjni)
    com.unity.modules.animation@1.0.0 (location: E:\Unity\Test\Library\PackageCache\com.unity.modules.animation)
    com.unity.modules.assetbundle@1.0.0 (location: E:\Unity\Test\Library\PackageCache\com.unity.modules.assetbundle)
    com.unity.modules.audio@1.0.0 (location: E:\Unity\Test\Library\PackageCache\com.unity.modules.audio)
    com.unity.modules.cloth@1.0.0 (location: E:\Unity\Test\Library\PackageCache\com.unity.modules.cloth)
    com.unity.modules.director@1.0.0 (location: E:\Unity\Test\Library\PackageCache\com.unity.modules.director)
    com.unity.modules.imageconversion@1.0.0 (location: E:\Unity\Test\Library\PackageCache\com.unity.modules.imageconversion)
    com.unity.modules.imgui@1.0.0 (location: E:\Unity\Test\Library\PackageCache\com.unity.modules.imgui)
    com.unity.modules.jsonserialize@1.0.0 (location: E:\Unity\Test\Library\PackageCache\com.unity.modules.jsonserialize)
    com.unity.modules.particlesystem@1.0.0 (location: E:\Unity\Test\Library\PackageCache\com.unity.modules.particlesystem)
    com.unity.modules.physics@1.0.0 (location: E:\Unity\Test\Library\PackageCache\com.unity.modules.physics)
    com.unity.modules.physics2d@1.0.0 (location: E:\Unity\Test\Library\PackageCache\com.unity.modules.physics2d)
    com.unity.modules.physicscore2d@1.0.0 (location: E:\Unity\Test\Library\PackageCache\com.unity.modules.physicscore2d)
    com.unity.modules.screencapture@1.0.0 (location: E:\Unity\Test\Library\PackageCache\com.unity.modules.screencapture)
    com.unity.modules.terrain@1.0.0 (location: E:\Unity\Test\Library\PackageCache\com.unity.modules.terrain)
    com.unity.modules.terrainphysics@1.0.0 (location: E:\Unity\Test\Library\PackageCache\com.unity.modules.terrainphysics)
    com.unity.modules.tilemap@1.0.0 (location: E:\Unity\Test\Library\PackageCache\com.unity.modules.tilemap)
    com.unity.modules.ui@1.0.0 (location: E:\Unity\Test\Library\PackageCache\com.unity.modules.ui)
    com.unity.modules.uielements@1.0.0 (location: E:\Unity\Test\Library\PackageCache\com.unity.modules.uielements)
    com.unity.modules.umbra@1.0.0 (location: E:\Unity\Test\Library\PackageCache\com.unity.modules.umbra)
    com.unity.modules.unityanalytics@1.0.0 (location: E:\Unity\Test\Library\PackageCache\com.unity.modules.unityanalytics)
    com.unity.modules.unitywebrequest@1.0.0 (location: E:\Unity\Test\Library\PackageCache\com.unity.modules.unitywebrequest)
    com.unity.modules.unitywebrequestassetbundle@1.0.0 (location: E:\Unity\Test\Library\PackageCache\com.unity.modules.unitywebrequestassetbundle)
    com.unity.modules.unitywebrequestaudio@1.0.0 (location: E:\Unity\Test\Library\PackageCache\com.unity.modules.unitywebrequestaudio)
    com.unity.modules.unitywebrequesttexture@1.0.0 (location: E:\Unity\Test\Library\PackageCache\com.unity.modules.unitywebrequesttexture)
    com.unity.modules.unitywebrequestwww@1.0.0 (location: E:\Unity\Test\Library\PackageCache\com.unity.modules.unitywebrequestwww)
    com.unity.modules.vectorgraphics@1.0.0 (location: E:\Unity\Test\Library\PackageCache\com.unity.modules.vectorgraphics)
    com.unity.modules.vehicles@1.0.0 (location: E:\Unity\Test\Library\PackageCache\com.unity.modules.vehicles)
    com.unity.modules.video@1.0.0 (location: E:\Unity\Test\Library\PackageCache\com.unity.modules.video)
    com.unity.modules.wind@1.0.0 (location: E:\Unity\Test\Library\PackageCache\com.unity.modules.wind)
    com.unity.modules.xr@1.0.0 (location: E:\Unity\Test\Library\PackageCache\com.unity.modules.xr)
    com.unity.modules.subsystems@1.0.0 (location: E:\Unity\Test\Library\PackageCache\com.unity.modules.subsystems)
    com.unity.modules.hierarchycore@1.0.0 (location: E:\Unity\Test\Library\PackageCache\com.unity.modules.hierarchycore)
    com.unity.render-pipelines.core@17.5.0 (location: E:\Unity\Test\Library\PackageCache\com.unity.render-pipelines.core@bbba1f0c681e)
    com.unity.shadergraph@17.5.0 (location: E:\Unity\Test\Library\PackageCache\com.unity.shadergraph@8d7376ec43ee)
    com.unity.render-pipelines.universal-config@17.5.0 (location: E:\Unity\Test\Library\PackageCache\com.unity.render-pipelines.universal-config@fdda01c80fe3)
    com.unity.collections@6.5.0 (location: E:\Unity\Test\Library\PackageCache\com.unity.collections@ec2c217e4cb2)
    com.unity.mathematics@1.4.0 (location: E:\Unity\Test\Library\PackageCache\com.unity.mathematics@981956d94fb6)
    com.unity.test-framework@1.7.0 (location: E:\Unity\Test\Library\PackageCache\com.unity.test-framework@1405238725ab)
    com.unity.ext.nunit@2.1.0 (location: E:\Unity\Test\Library\PackageCache\com.unity.ext.nunit@44f7d31723bd)
[Subsystems] No new subsystems found in resolved package list.
[Package Manager] Done registering packages in 0.00 seconds
Assembly reference Packages/com.unity.cinemachine/Editor/Samples/ExposeHDRPInternals/HDRP-Editor-ref.asmref has no target assembly definition
Assembly reference Packages/com.unity.cinemachine/Editor/Samples/ExposeHDRPInternals/HDRP-Editor-ref.asmref has no target assembly definition
info: Microsoft.Hosting.Lifetime[14]
      Now listening on: http://localhost:80
info: Microsoft.Hosting.Lifetime[0]
      Application started. Press Ctrl+C to shut down.
info: Microsoft.Hosting.Lifetime[0]
      Hosting environment: Production
info: Microsoft.Hosting.Lifetime[0]
      Content root path: E:\Unity\Test
info: Microsoft.AspNetCore.Hosting.Diagnostics[1]
      Request starting HTTP/2 POST http://ilpp/UnityILPP.PostProcessing/Ping - application/grpc -
info: Microsoft.AspNetCore.Routing.EndpointMiddleware[0]
      Executing endpoint 'gRPC - /UnityILPP.PostProcessing/Ping'
info: Microsoft.AspNetCore.Routing.EndpointMiddleware[1]
      Executed endpoint 'gRPC - /UnityILPP.PostProcessing/Ping'
info: Microsoft.AspNetCore.Hosting.Diagnostics[2]
      Request finished HTTP/2 POST http://ilpp/UnityILPP.PostProcessing/Ping - 200 - application/grpc 686.4498ms
Starting: E:\Unity\6000.5.10f1\Editor\Data\Tools\BuildPipeline\bee_backend.exe --ipc --defer-dag-verification --dagfile="Library/Bee/2000b0aE.dag" --continue-on-failure --profile="Library/Bee/backend1.traceevents" ScriptAssemblies
WorkingDir: E:/Unity/Test
ExitCode: 4 Duration: 0s352ms
[333/818    0s] WriteResponseFile Library/Bee/artifacts/rsp/4747638433968585886.rsp
Rebuilding DAG because FileSignature timestamp changed: Library/Bee/2000b0aE-inputdata.json
*** Tundra requires additional run (0.26 seconds), 1 items updated, 470 evaluated
Starting: E:\Unity\6000.5.10f1\Editor\Data\netcorerun\netcorerun.exe "E:\Unity\6000.5.10f1\Editor\Data\Tools\BuildPipeline\ScriptCompilationBuildProgram.exe" "Library/Bee/2000b0aE.dag.json" "Library/Bee/2000b0aE-inputdata.json" "Library\Bee\buildprogram0.traceevents"
WorkingDir: E:/Unity/Test
ExitCode: 0 Duration: 6s61ms
Starting: E:\Unity\6000.5.10f1\Editor\Data\Tools\BuildPipeline\bee_backend.exe --ipc --defer-dag-verification --dagfile="Library/Bee/2000b0aE.dag" --continue-on-failure --dagfilejson="Library\Bee\2000b0aE.dag.json" --profile="Library/Bee/backend2.traceevents" ScriptAssemblies
WorkingDir: E:/Unity/Test
info: Microsoft.AspNetCore.Hosting.Diagnostics[1]
      Request starting HTTP/2 POST http://ilpp/UnityILPP.PostProcessing/ConfigurePostProcessors - application/grpc -
info: Microsoft.AspNetCore.Routing.EndpointMiddleware[0]
      Executing endpoint 'gRPC - /UnityILPP.PostProcessing/ConfigurePostProcessors'
warn: Unity.ILPP.Runner.PostProcessingAssemblyLoadContext[0]
      Assembly system.runtime.interopservices.windowsruntime has duplicate hint path. Ignoring "E:\Unity\6000.5.10f1\Editor\Data\UnityReferenceAssemblies\unity-4.8-api\Facades\System.Runtime.InteropServices.WindowsRuntime.dll" in favor of "E:\Unity\6000.5.10f1\Editor\Data\NetStandard\Extensions\2.0.0\System.Runtime.InteropServices.WindowsRuntime.dll"
warn: Unity.ILPP.Runner.PostProcessingAssemblyLoadContext[0]
      Assembly system.componentmodel.composition has duplicate hint path. Ignoring "E:\Unity\6000.5.10f1\Editor\Data\UnityReferenceAssemblies\unity-4.8-api\System.ComponentModel.Composition.dll" in favor of "E:\Unity\6000.5.10f1\Editor\Data\NetStandard\compat\2.1.0\shims\netfx\System.ComponentModel.Composition.dll"
info: Unity.ILPP.Runner.PostProcessingAssemblyLoadContext[0]
      Resolved Unity.Burst.Cecil, Version=0.11.6.0, Culture=neutral, PublicKeyToken=50cebf1cceb9d05e with Library\PackageCache\com.unity.burst@2f3d916873ea\Unity.Burst.CodeGen\Unity.Burst.Cecil.dll
info: Unity.ILPP.Runner.PostProcessingAssemblyLoadContext[0]
      Resolved Mono.Cecil, Version=0.11.5.0, Culture=neutral, PublicKeyToken=50cebf1cceb9d05e with Library\PackageCache\com.unity.nuget.mono-cecil@ecb9724e46ff\Mono.Cecil.dll
info: Microsoft.AspNetCore.Routing.EndpointMiddleware[1]
      Executed endpoint 'gRPC - /UnityILPP.PostProcessing/ConfigurePostProcessors'
info: Microsoft.AspNetCore.Hosting.Diagnostics[2]
      Request finished HTTP/2 POST http://ilpp/UnityILPP.PostProcessing/ConfigurePostProcessors - 200 - application/grpc 717.5516ms
info: Microsoft.AspNetCore.Hosting.Diagnostics[1]
      Request starting HTTP/2 POST http://ilpp/UnityILPP.PostProcessing/PostProcessAssembly - application/grpc -
info: Microsoft.AspNetCore.Routing.EndpointMiddleware[0]
      Executing endpoint 'gRPC - /UnityILPP.PostProcessing/PostProcessAssembly'
info: Microsoft.AspNetCore.Hosting.Diagnostics[1]
      Request starting HTTP/2 POST http://ilpp/UnityILPP.PostProcessing/PostProcessAssembly - application/grpc -
info: Microsoft.AspNetCore.Routing.EndpointMiddleware[0]
      Executing endpoint 'gRPC - /UnityILPP.PostProcessing/PostProcessAssembly'
info: Unity.ILPP.Runner.PostProcessingPipeline[0]
      Processing assembly Library/Bee/artifacts/2000b0aE.dag/Unity.RenderPipelines.Universal.Config.Runtime.dll, with 117 defines and 282 references
info: Unity.ILPP.Runner.PostProcessingPipeline[0]
      Processing assembly Library/Bee/artifacts/2000b0aE.dag/Unity.InternalAPIEngineBridge.004.dll, with 117 defines and 281 references
info: Microsoft.AspNetCore.Hosting.Diagnostics[1]
      Request starting HTTP/2 POST http://ilpp/UnityILPP.PostProcessing/PostProcessAssembly - application/grpc -
info: Microsoft.AspNetCore.Routing.EndpointMiddleware[0]
      Executing endpoint 'gRPC - /UnityILPP.PostProcessing/PostProcessAssembly'
info: Unity.ILPP.Runner.PostProcessingPipeline[0]
      Processing assembly Library/Bee/artifacts/2000b0aE.dag/Unity.InternalAPIEngineBridge.RenderPipelines.Core.Runtime.Shared.dll, with 117 defines and 281 references
info: Unity.ILPP.Runner.PostProcessingPipeline[0]
      processors: Unity.Jobs.CodeGen.JobsILPostProcessor, zzzUnity.Burst.CodeGen.BurstILPostProcessor
info: Unity.ILPP.Runner.PostProcessingPipeline[0]
      processors: Unity.Jobs.CodeGen.JobsILPostProcessor, zzzUnity.Burst.CodeGen.BurstILPostProcessor
info: Microsoft.AspNetCore.Hosting.Diagnostics[1]
      Request starting HTTP/2 POST http://ilpp/UnityILPP.PostProcessing/PostProcessAssembly - application/grpc -
info: Microsoft.AspNetCore.Routing.EndpointMiddleware[0]
      Executing endpoint 'gRPC - /UnityILPP.PostProcessing/PostProcessAssembly'
info: Unity.ILPP.Runner.PostProcessingPipeline[0]
      processors: Unity.Jobs.CodeGen.JobsILPostProcessor, zzzUnity.Burst.CodeGen.BurstILPostProcessor
info: Unity.ILPP.Runner.PostProcessingPipeline[0]
      Processing assembly Library/Bee/artifacts/2000b0aE.dag/Unity.UnifiedRayTracing.Runtime.dll, with 118 defines and 284 references
info: Unity.ILPP.Runner.PostProcessingPipeline[0]
      processors: Unity.Jobs.CodeGen.JobsILPostProcessor, zzzUnity.Burst.CodeGen.BurstILPostProcessor
info: Microsoft.AspNetCore.Hosting.Diagnostics[1]
      Request starting HTTP/2 POST http://ilpp/UnityILPP.PostProcessing/PostProcessAssembly - application/grpc -
info: Microsoft.AspNetCore.Hosting.Diagnostics[1]
      Request starting HTTP/2 POST http://ilpp/UnityILPP.PostProcessing/PostProcessAssembly - application/grpc -
info: Microsoft.AspNetCore.Routing.EndpointMiddleware[0]
      Executing endpoint 'gRPC - /UnityILPP.PostProcessing/PostProcessAssembly'
info: Microsoft.AspNetCore.Routing.EndpointMiddleware[0]
      Executing endpoint 'gRPC - /UnityILPP.PostProcessing/PostProcessAssembly'
info: Unity.ILPP.Runner.PostProcessingPipeline[0]
      Processing assembly Library/Bee/artifacts/2000b0aE.dag/Unity.RenderPipelines.Universal.Runtime.dll, with 123 defines and 291 references
info: Unity.ILPP.Runner.PostProcessingPipeline[0]
      Processing assembly Library/Bee/artifacts/2000b0aE.dag/Unity.TextMeshPro.dll, with 118 defines and 282 references
info: Unity.ILPP.Runner.PostProcessingPipeline[0]
      processors: Unity.Jobs.CodeGen.JobsILPostProcessor, zzzUnity.Burst.CodeGen.BurstILPostProcessor
info: Unity.ILPP.Runner.PostProcessingPipeline[0]
      processors: Unity.Jobs.CodeGen.JobsILPostProcessor, zzzUnity.Burst.CodeGen.BurstILPostProcessor
info: Microsoft.AspNetCore.Hosting.Diagnostics[1]
      Request starting HTTP/2 POST http://ilpp/UnityILPP.PostProcessing/PostProcessAssembly - application/grpc -
info: Microsoft.AspNetCore.Routing.EndpointMiddleware[0]
      Executing endpoint 'gRPC - /UnityILPP.PostProcessing/PostProcessAssembly'
info: Unity.ILPP.Runner.PostProcessingPipeline[0]
      Processing assembly Library/Bee/artifacts/2000b0aE.dag/Unity.Mathematics.dll, with 117 defines and 281 references
info: Unity.ILPP.Runner.PostProcessingPipeline[0]
      processors: Unity.Jobs.CodeGen.JobsILPostProcessor, zzzUnity.Burst.CodeGen.BurstILPostProcessor
info: Unity.ILPP.Runner.PostProcessingPipeline[0]
      running Unity.Jobs.CodeGen.JobsILPostProcessor
info: Unity.ILPP.Runner.PostProcessingPipeline[0]
      running Unity.Jobs.CodeGen.JobsILPostProcessor
info: Unity.ILPP.Runner.PostProcessingPipeline[0]
      running zzzUnity.Burst.CodeGen.BurstILPostProcessor
info: Unity.ILPP.Runner.PostProcessingPipeline[0]
      running zzzUnity.Burst.CodeGen.BurstILPostProcessor
info: Unity.ILPP.Runner.PostProcessingPipeline[0]
      running Unity.Jobs.CodeGen.JobsILPostProcessor
info: Unity.ILPP.Runner.PostProcessingPipeline[0]
      running zzzUnity.Burst.CodeGen.BurstILPostProcessor
info: Unity.ILPP.Runner.PostProcessingPipeline[0]
      running Unity.Jobs.CodeGen.JobsILPostProcessor
info: Unity.ILPP.Runner.PostProcessingPipeline[0]
      running zzzUnity.Burst.CodeGen.BurstILPostProcessor
info: Microsoft.AspNetCore.Hosting.Diagnostics[1]
      Request starting HTTP/2 POST http://ilpp/UnityILPP.PostProcessing/PostProcessAssembly - application/grpc -
info: Microsoft.AspNetCore.Routing.EndpointMiddleware[0]
      Executing endpoint 'gRPC - /UnityILPP.PostProcessing/PostProcessAssembly'
info: Unity.ILPP.Runner.PostProcessingPipeline[0]
      Processing assembly Library/Bee/artifacts/2000b0aE.dag/Unity.InputSystem.ForUI.dll, with 117 defines and 282 references
info: Unity.ILPP.Runner.PostProcessingPipeline[0]
      processors: Unity.Jobs.CodeGen.JobsILPostProcessor, zzzUnity.Burst.CodeGen.BurstILPostProcessor
info: Microsoft.AspNetCore.Hosting.Diagnostics[1]
      Request starting HTTP/2 POST http://ilpp/UnityILPP.PostProcessing/PostProcessAssembly - application/grpc -
info: Microsoft.AspNetCore.Routing.EndpointMiddleware[0]
      Executing endpoint 'gRPC - /UnityILPP.PostProcessing/PostProcessAssembly'
info: Unity.ILPP.Runner.PostProcessingPipeline[0]
      Processing assembly Library/Bee/artifacts/2000b0aE.dag/Unity.RenderPipelines.ShaderGraph.ShaderGraphLibrary.dll, with 117 defines and 281 references
info: Unity.ILPP.Runner.PostProcessingPipeline[0]
      processors: Unity.Jobs.CodeGen.JobsILPostProcessor, zzzUnity.Burst.CodeGen.BurstILPostProcessor
info: Microsoft.AspNetCore.Routing.EndpointMiddleware[1]
      Executed endpoint 'gRPC - /UnityILPP.PostProcessing/PostProcessAssembly'
info: Microsoft.AspNetCore.Routing.EndpointMiddleware[1]
      Executed endpoint 'gRPC - /UnityILPP.PostProcessing/PostProcessAssembly'
info: Microsoft.AspNetCore.Routing.EndpointMiddleware[1]
      Executed endpoint 'gRPC - /UnityILPP.PostProcessing/PostProcessAssembly'
info: Microsoft.AspNetCore.Routing.EndpointMiddleware[1]
      Executed endpoint 'gRPC - /UnityILPP.PostProcessing/PostProcessAssembly'
info: Microsoft.AspNetCore.Hosting.Diagnostics[2]
      Request finished HTTP/2 POST http://ilpp/UnityILPP.PostProcessing/PostProcessAssembly - 200 - application/grpc 168.1002ms
info: Microsoft.AspNetCore.Hosting.Diagnostics[2]
      Request finished HTTP/2 POST http://ilpp/UnityILPP.PostProcessing/PostProcessAssembly - 200 - application/grpc 186.4203ms
info: Microsoft.AspNetCore.Hosting.Diagnostics[2]
      Request finished HTTP/2 POST http://ilpp/UnityILPP.PostProcessing/PostProcessAssembly - 200 - application/grpc 179.1744ms
info: Microsoft.AspNetCore.Hosting.Diagnostics[2]
      Request finished HTTP/2 POST http://ilpp/UnityILPP.PostProcessing/PostProcessAssembly - 200 - application/grpc 179.9570ms
info: Microsoft.AspNetCore.Hosting.Diagnostics[1]
      Request starting HTTP/2 POST http://ilpp/UnityILPP.PostProcessing/PostProcessAssembly - application/grpc -
info: Microsoft.AspNetCore.Hosting.Diagnostics[1]
      Request starting HTTP/2 POST http://ilpp/UnityILPP.PostProcessing/PostProcessAssembly - application/grpc -
info: Microsoft.AspNetCore.Routing.EndpointMiddleware[0]
      Executing endpoint 'gRPC - /UnityILPP.PostProcessing/PostProcessAssembly'
info: Microsoft.AspNetCore.Routing.EndpointMiddleware[0]
      Executing endpoint 'gRPC - /UnityILPP.PostProcessing/PostProcessAssembly'
info: Unity.ILPP.Runner.PostProcessingPipeline[0]
      Processing assembly Library/Bee/artifacts/2000b0aE.dag/UnityEngine.UI.dll, with 123 defines and 279 references
info: Unity.ILPP.Runner.PostProcessingPipeline[0]
      processors: Unity.Jobs.CodeGen.JobsILPostProcessor, zzzUnity.Burst.CodeGen.BurstILPostProcessor
info: Unity.ILPP.Runner.PostProcessingPipeline[0]
      Processing assembly Library/Bee/artifacts/2000b0aE.dag/Unity.RenderPipelines.Universal.Shaders.dll, with 117 defines and 281 references
info: Unity.ILPP.Runner.PostProcessingPipeline[0]
      processors: Unity.Jobs.CodeGen.JobsILPostProcessor, zzzUnity.Burst.CodeGen.BurstILPostProcessor
info: Microsoft.AspNetCore.Hosting.Diagnostics[1]
      Request starting HTTP/2 POST http://ilpp/UnityILPP.PostProcessing/PostProcessAssembly - application/grpc -
info: Microsoft.AspNetCore.Routing.EndpointMiddleware[0]
      Executing endpoint 'gRPC - /UnityILPP.PostProcessing/PostProcessAssembly'
info: Unity.ILPP.Runner.PostProcessingPipeline[0]
      Processing assembly Library/Bee/artifacts/2000b0aE.dag/Unity.Collections.dll, with 119 defines and 283 references
info: Unity.ILPP.Runner.PostProcessingPipeline[0]
      processors: Unity.Jobs.CodeGen.JobsILPostProcessor, zzzUnity.Burst.CodeGen.BurstILPostProcessor
info: Unity.ILPP.Runner.PostProcessingPipeline[0]
      running Unity.Jobs.CodeGen.JobsILPostProcessor
info: Unity.ILPP.Runner.PostProcessingPipeline[0]
      running zzzUnity.Burst.CodeGen.BurstILPostProcessor
info: Unity.ILPP.Runner.PostProcessingPipeline[0]
      running Unity.Jobs.CodeGen.JobsILPostProcessor
info: Unity.ILPP.Runner.PostProcessingPipeline[0]
      running zzzUnity.Burst.CodeGen.BurstILPostProcessor
info: Unity.ILPP.Runner.PostProcessingPipeline[0]
      running Unity.Jobs.CodeGen.JobsILPostProcessor
info: Unity.ILPP.Runner.PostProcessingPipeline[0]
      running zzzUnity.Burst.CodeGen.BurstILPostProcessor
info: Microsoft.AspNetCore.Routing.EndpointMiddleware[1]
      Executed endpoint 'gRPC - /UnityILPP.PostProcessing/PostProcessAssembly'
info: Microsoft.AspNetCore.Routing.EndpointMiddleware[1]
      Executed endpoint 'gRPC - /UnityILPP.PostProcessing/PostProcessAssembly'
info: Microsoft.AspNetCore.Routing.EndpointMiddleware[1]
      Executed endpoint 'gRPC - /UnityILPP.PostProcessing/PostProcessAssembly'
info: Microsoft.AspNetCore.Hosting.Diagnostics[2]
      Request finished HTTP/2 POST http://ilpp/UnityILPP.PostProcessing/PostProcessAssembly - 200 - application/grpc 422.2005ms
info: Microsoft.AspNetCore.Hosting.Diagnostics[2]
      Request finished HTTP/2 POST http://ilpp/UnityILPP.PostProcessing/PostProcessAssembly - 200 - application/grpc 419.0698ms
info: Microsoft.AspNetCore.Hosting.Diagnostics[2]
      Request finished HTTP/2 POST http://ilpp/UnityILPP.PostProcessing/PostProcessAssembly - 200 - application/grpc 423.0584ms
info: Microsoft.AspNetCore.Hosting.Diagnostics[1]
      Request starting HTTP/2 POST http://ilpp/UnityILPP.PostProcessing/PostProcessAssembly - application/grpc -
info: Microsoft.AspNetCore.Hosting.Diagnostics[1]
      Request starting HTTP/2 POST http://ilpp/UnityILPP.PostProcessing/PostProcessAssembly - application/grpc -
info: Microsoft.AspNetCore.Routing.EndpointMiddleware[0]
      Executing endpoint 'gRPC - /UnityILPP.PostProcessing/PostProcessAssembly'
info: Microsoft.AspNetCore.Routing.EndpointMiddleware[0]
      Executing endpoint 'gRPC - /UnityILPP.PostProcessing/PostProcessAssembly'
info: Microsoft.AspNetCore.Hosting.Diagnostics[1]
      Request starting HTTP/2 POST http://ilpp/UnityILPP.PostProcessing/PostProcessAssembly - application/grpc -
info: Microsoft.AspNetCore.Routing.EndpointMiddleware[0]
      Executing endpoint 'gRPC - /UnityILPP.PostProcessing/PostProcessAssembly'
info: Unity.ILPP.Runner.PostProcessingPipeline[0]
      Processing assembly Library/Bee/artifacts/2000b0aE.dag/Unity.RenderPipelines.Core.Runtime.dll, with 121 defines and 285 references
info: Unity.ILPP.Runner.PostProcessingPipeline[0]
      Processing assembly Library/Bee/artifacts/2000b0aE.dag/Unity.RenderPipelines.GPUDriven.Runtime.dll, with 117 defines and 285 references
info: Unity.ILPP.Runner.PostProcessingPipeline[0]
      processors: Unity.Jobs.CodeGen.JobsILPostProcessor, zzzUnity.Burst.CodeGen.BurstILPostProcessor
info: Unity.ILPP.Runner.PostProcessingPipeline[0]
      processors: Unity.Jobs.CodeGen.JobsILPostProcessor, zzzUnity.Burst.CodeGen.BurstILPostProcessor
info: Unity.ILPP.Runner.PostProcessingPipeline[0]
      Processing assembly Library/Bee/artifacts/2000b0aE.dag/Unity.RenderPipelines.Universal.2D.Runtime.dll, with 119 defines and 286 references
info: Unity.ILPP.Runner.PostProcessingPipeline[0]
      processors: Unity.Jobs.CodeGen.JobsILPostProcessor, zzzUnity.Burst.CodeGen.BurstILPostProcessor
info: Microsoft.AspNetCore.Hosting.Diagnostics[1]
      Request starting HTTP/2 POST http://ilpp/UnityILPP.PostProcessing/PostProcessAssembly - application/grpc -
info: Microsoft.AspNetCore.Routing.EndpointMiddleware[0]
      Executing endpoint 'gRPC - /UnityILPP.PostProcessing/PostProcessAssembly'
info: Unity.ILPP.Runner.PostProcessingPipeline[0]
      Processing assembly Library/Bee/artifacts/2000b0aE.dag/Unity.InputSystem.dll, with 130 defines and 281 references
info: Unity.ILPP.Runner.PostProcessingPipeline[0]
      processors: Unity.Jobs.CodeGen.JobsILPostProcessor, zzzUnity.Burst.CodeGen.BurstILPostProcessor
info: Unity.ILPP.Runner.PostProcessingPipeline[0]
      running Unity.Jobs.CodeGen.JobsILPostProcessor
info: Unity.ILPP.Runner.PostProcessingPipeline[0]
      running zzzUnity.Burst.CodeGen.BurstILPostProcessor
info: Microsoft.AspNetCore.Routing.EndpointMiddleware[1]
      Executed endpoint 'gRPC - /UnityILPP.PostProcessing/PostProcessAssembly'
info: Microsoft.AspNetCore.Hosting.Diagnostics[2]
      Request finished HTTP/2 POST http://ilpp/UnityILPP.PostProcessing/PostProcessAssembly - 200 - application/grpc 884.0876ms
info: Microsoft.AspNetCore.Hosting.Diagnostics[1]
      Request starting HTTP/2 POST http://ilpp/UnityILPP.PostProcessing/PostProcessAssembly - application/grpc -
info: Microsoft.AspNetCore.Routing.EndpointMiddleware[0]
      Executing endpoint 'gRPC - /UnityILPP.PostProcessing/PostProcessAssembly'
info: Unity.ILPP.Runner.PostProcessingPipeline[0]
      Processing assembly Library/Bee/artifacts/2000b0aE.dag/Unity.Tutorials.dll, with 117 defines and 281 references
info: Unity.ILPP.Runner.PostProcessingPipeline[0]
      processors: Unity.Jobs.CodeGen.JobsILPostProcessor, zzzUnity.Burst.CodeGen.BurstILPostProcessor
info: Microsoft.AspNetCore.Hosting.Diagnostics[1]
      Request starting HTTP/2 POST http://ilpp/UnityILPP.PostProcessing/PostProcessAssembly - application/grpc -
info: Microsoft.AspNetCore.Routing.EndpointMiddleware[0]
      Executing endpoint 'gRPC - /UnityILPP.PostProcessing/PostProcessAssembly'
info: Unity.ILPP.Runner.PostProcessingPipeline[0]
      Processing assembly Library/Bee/artifacts/2000b0aE.dag/Unity.RenderPipeline.Universal.ShaderLibrary.dll, with 117 defines and 282 references
info: Unity.ILPP.Runner.PostProcessingPipeline[0]
      processors: Unity.Jobs.CodeGen.JobsILPostProcessor, zzzUnity.Burst.CodeGen.BurstILPostProcessor
info: Unity.ILPP.Runner.PostProcessingPipeline[0]
      running Unity.Jobs.CodeGen.JobsILPostProcessor
info: Unity.ILPP.Runner.PostProcessingPipeline[0]
      running zzzUnity.Burst.CodeGen.BurstILPostProcessor
info: Unity.ILPP.Runner.PostProcessingPipeline[0]
      running Unity.Jobs.CodeGen.JobsILPostProcessor
info: Unity.ILPP.Runner.PostProcessingAssemblyLoadContext[0]
      Resolved Unity.Collections, Version=0.0.0.0, Culture=neutral, PublicKeyToken=null with Library\Bee\artifacts\2000b0aE.dag\Unity.Collections.dll
info: Unity.ILPP.Runner.PostProcessingAssemblyLoadContext[0]
      Resolved UnityEditor.CoreModule, Version=0.0.0.0, Culture=neutral, PublicKeyToken=null with E:\Unity\6000.5.10f1\Editor\Data\Managed\UnityEngine\UnityEditor.CoreModule.dll
info: Unity.ILPP.Runner.PostProcessingAssemblyLoadContext[0]
      Resolved UnityEngine.CoreModule, Version=0.0.0.0, Culture=neutral, PublicKeyToken=null with E:\Unity\6000.5.10f1\Editor\Data\Managed\UnityEngine\UnityEngine.CoreModule.dll
info: Unity.ILPP.Runner.PostProcessingAssemblyLoadContext[0]
      Resolved Unity.Scripting, Version=0.0.0.0, Culture=neutral, PublicKeyToken=null with E:\Unity\6000.5.10f1\Editor\Data\Managed\UnityEngine\Unity.Scripting.dll
info: Unity.ILPP.Runner.PostProcessingAssemblyLoadContext[0]
      Resolved Mono.Cecil.Rocks, Version=0.11.5.0, Culture=neutral, PublicKeyToken=50cebf1cceb9d05e with Library\PackageCache\com.unity.nuget.mono-cecil@ecb9724e46ff\Mono.Cecil.Rocks.dll
info: Microsoft.AspNetCore.Routing.EndpointMiddleware[1]
      Executed endpoint 'gRPC - /UnityILPP.PostProcessing/PostProcessAssembly'
info: Microsoft.AspNetCore.Hosting.Diagnostics[2]
      Request finished HTTP/2 POST http://ilpp/UnityILPP.PostProcessing/PostProcessAssembly - 200 - application/grpc 1335.8796ms
info: Unity.ILPP.Runner.PostProcessingPipeline[0]
      running Unity.Jobs.CodeGen.JobsILPostProcessor
info: Unity.ILPP.Runner.PostProcessingPipeline[0]
      running Unity.Jobs.CodeGen.JobsILPostProcessor
info: Unity.ILPP.Runner.PostProcessingPipeline[0]
      running zzzUnity.Burst.CodeGen.BurstILPostProcessor
info: Microsoft.AspNetCore.Routing.EndpointMiddleware[1]
      Executed endpoint 'gRPC - /UnityILPP.PostProcessing/PostProcessAssembly'
info: Microsoft.AspNetCore.Hosting.Diagnostics[2]
      Request finished HTTP/2 POST http://ilpp/UnityILPP.PostProcessing/PostProcessAssembly - 200 - application/grpc 1345.9239ms
info: Unity.ILPP.Runner.PostProcessingPipeline[0]
      running Unity.Jobs.CodeGen.JobsILPostProcessor
info: Unity.ILPP.Runner.PostProcessingPipeline[0]
      running Unity.Jobs.CodeGen.JobsILPostProcessor
info: Unity.ILPP.Runner.PostProcessingPipeline[0]
      running zzzUnity.Burst.CodeGen.BurstILPostProcessor
info: Unity.ILPP.Runner.PostProcessingPipeline[0]
      running zzzUnity.Burst.CodeGen.BurstILPostProcessor
info: Unity.ILPP.Runner.PostProcessingPipeline[0]
      running Unity.Jobs.CodeGen.JobsILPostProcessor
info: Unity.ILPP.Runner.PostProcessingPipeline[0]
      running zzzUnity.Burst.CodeGen.BurstILPostProcessor
info: Unity.ILPP.Runner.PostProcessingPipeline[0]
      running zzzUnity.Burst.CodeGen.BurstILPostProcessor
info: Unity.ILPP.Runner.PostProcessingPipeline[0]
      running zzzUnity.Burst.CodeGen.BurstILPostProcessor
info: Unity.ILPP.Runner.PostProcessingAssemblyLoadContext[0]
      Resolved Unity.Burst.Cecil.Rocks, Version=0.11.6.0, Culture=neutral, PublicKeyToken=50cebf1cceb9d05e with Library\PackageCache\com.unity.burst@2f3d916873ea\Unity.Burst.CodeGen\Unity.Burst.Cecil.Rocks.dll
info: Microsoft.AspNetCore.Routing.EndpointMiddleware[1]
      Executed endpoint 'gRPC - /UnityILPP.PostProcessing/PostProcessAssembly'
info: Microsoft.AspNetCore.Hosting.Diagnostics[2]
      Request finished HTTP/2 POST http://ilpp/UnityILPP.PostProcessing/PostProcessAssembly - 200 - application/grpc 2833.0784ms
info: Unity.ILPP.Runner.PostProcessingPipeline[0]
      running Unity.Jobs.CodeGen.JobsILPostProcessor
info: Microsoft.AspNetCore.Routing.EndpointMiddleware[1]
      Executed endpoint 'gRPC - /UnityILPP.PostProcessing/PostProcessAssembly'
info: Unity.ILPP.Runner.PostProcessingPipeline[0]
      running zzzUnity.Burst.CodeGen.BurstILPostProcessor
info: Microsoft.AspNetCore.Hosting.Diagnostics[2]
      Request finished HTTP/2 POST http://ilpp/UnityILPP.PostProcessing/PostProcessAssembly - 200 - application/grpc 3012.2683ms
info: Microsoft.AspNetCore.Hosting.Diagnostics[1]
      Request starting HTTP/2 POST http://ilpp/UnityILPP.PostProcessing/PostProcessAssembly - application/grpc -
info: Microsoft.AspNetCore.Routing.EndpointMiddleware[0]
      Executing endpoint 'gRPC - /UnityILPP.PostProcessing/PostProcessAssembly'
info: Unity.ILPP.Runner.PostProcessingPipeline[0]
      Processing assembly Library/Bee/artifacts/2000b0aE.dag/Unity.RenderPipelines.Core.ShaderLibrary.dll, with 117 defines and 281 references
info: Unity.ILPP.Runner.PostProcessingPipeline[0]
      processors: Unity.Jobs.CodeGen.JobsILPostProcessor, zzzUnity.Burst.CodeGen.BurstILPostProcessor
info: Microsoft.AspNetCore.Routing.EndpointMiddleware[1]
      Executed endpoint 'gRPC - /UnityILPP.PostProcessing/PostProcessAssembly'
info: Microsoft.AspNetCore.Hosting.Diagnostics[2]
      Request finished HTTP/2 POST http://ilpp/UnityILPP.PostProcessing/PostProcessAssembly - 200 - application/grpc 3406.5752ms
info: Unity.ILPP.Runner.PostProcessingPipeline[0]
      running Unity.Jobs.CodeGen.JobsILPostProcessor
info: Unity.ILPP.Runner.PostProcessingPipeline[0]
      running zzzUnity.Burst.CodeGen.BurstILPostProcessor
info: Unity.ILPP.Runner.PostProcessingPipeline[0]
      running Unity.Jobs.CodeGen.JobsILPostProcessor
info: Microsoft.AspNetCore.Routing.EndpointMiddleware[1]
      Executed endpoint 'gRPC - /UnityILPP.PostProcessing/PostProcessAssembly'
info: Microsoft.AspNetCore.Hosting.Diagnostics[2]
      Request finished HTTP/2 POST http://ilpp/UnityILPP.PostProcessing/PostProcessAssembly - 200 - application/grpc 403.1398ms
info: Microsoft.AspNetCore.Hosting.Diagnostics[1]
      Request starting HTTP/2 POST http://ilpp/UnityILPP.PostProcessing/PostProcessAssembly - application/grpc -
info: Microsoft.AspNetCore.Routing.EndpointMiddleware[0]
      Executing endpoint 'gRPC - /UnityILPP.PostProcessing/PostProcessAssembly'
info: Unity.ILPP.Runner.PostProcessingPipeline[0]
      Processing assembly Library/Bee/artifacts/2000b0aE.dag/Unity.Cinemachine.dll, with 126 defines and 287 references
info: Unity.ILPP.Runner.PostProcessingPipeline[0]
      processors: Unity.Jobs.CodeGen.JobsILPostProcessor, zzzUnity.Burst.CodeGen.BurstILPostProcessor
info: Microsoft.AspNetCore.Hosting.Diagnostics[1]
      Request starting HTTP/2 POST http://ilpp/UnityILPP.PostProcessing/PostProcessAssembly - application/grpc -
info: Microsoft.AspNetCore.Routing.EndpointMiddleware[0]
      Executing endpoint 'gRPC - /UnityILPP.PostProcessing/PostProcessAssembly'
info: Unity.ILPP.Runner.PostProcessingPipeline[0]
      Processing assembly Library/Bee/artifacts/2000b0aE.dag/Unity.InputSystem.TestFramework.dll, with 119 defines and 279 references
info: Unity.ILPP.Runner.PostProcessingPipeline[0]
      processors: Unity.Jobs.CodeGen.JobsILPostProcessor, zzzUnity.Burst.CodeGen.BurstILPostProcessor
info: Unity.ILPP.Runner.PostProcessingPipeline[0]
      running zzzUnity.Burst.CodeGen.BurstILPostProcessor
info: Microsoft.AspNetCore.Routing.EndpointMiddleware[1]
      Executed endpoint 'gRPC - /UnityILPP.PostProcessing/PostProcessAssembly'
info: Microsoft.AspNetCore.Hosting.Diagnostics[2]
      Request finished HTTP/2 POST http://ilpp/UnityILPP.PostProcessing/PostProcessAssembly - 200 - application/grpc 3276.7852ms
info: Unity.ILPP.Runner.PostProcessingPipeline[0]
      running Unity.Jobs.CodeGen.JobsILPostProcessor
info: Unity.ILPP.Runner.PostProcessingPipeline[0]
      running zzzUnity.Burst.CodeGen.BurstILPostProcessor
info: Microsoft.AspNetCore.Routing.EndpointMiddleware[1]
      Executed endpoint 'gRPC - /UnityILPP.PostProcessing/PostProcessAssembly'
info: Unity.ILPP.Runner.PostProcessingPipeline[0]
      running Unity.Jobs.CodeGen.JobsILPostProcessor
info: Microsoft.AspNetCore.Hosting.Diagnostics[2]
      Request finished HTTP/2 POST http://ilpp/UnityILPP.PostProcessing/PostProcessAssembly - 200 - application/grpc 434.3241ms
info: Unity.ILPP.Runner.PostProcessingPipeline[0]
      running zzzUnity.Burst.CodeGen.BurstILPostProcessor
info: Microsoft.AspNetCore.Hosting.Diagnostics[1]
      Request starting HTTP/2 POST http://ilpp/UnityILPP.PostProcessing/PostProcessAssembly - application/grpc -
info: Microsoft.AspNetCore.Hosting.Diagnostics[1]
      Request starting HTTP/2 POST http://ilpp/UnityILPP.PostProcessing/PostProcessAssembly - application/grpc -
info: Microsoft.AspNetCore.Routing.EndpointMiddleware[0]
      Executing endpoint 'gRPC - /UnityILPP.PostProcessing/PostProcessAssembly'
info: Microsoft.AspNetCore.Routing.EndpointMiddleware[0]
      Executing endpoint 'gRPC - /UnityILPP.PostProcessing/PostProcessAssembly'
info: Unity.ILPP.Runner.PostProcessingPipeline[0]
      Processing assembly Library/Bee/artifacts/2000b0aE.dag/Unity.PathTracing.Runtime.dll, with 118 defines and 285 references
info: Unity.ILPP.Runner.PostProcessingPipeline[0]
      Processing assembly Library/Bee/artifacts/2000b0aE.dag/Unity.Multiplayer.Center.Common.dll, with 117 defines and 281 references
info: Unity.ILPP.Runner.PostProcessingPipeline[0]
      processors: Unity.Jobs.CodeGen.JobsILPostProcessor, zzzUnity.Burst.CodeGen.BurstILPostProcessor
info: Unity.ILPP.Runner.PostProcessingPipeline[0]
      processors: Unity.Jobs.CodeGen.JobsILPostProcessor, zzzUnity.Burst.CodeGen.BurstILPostProcessor
info: Microsoft.AspNetCore.Hosting.Diagnostics[1]
      Request starting HTTP/2 POST http://ilpp/UnityILPP.PostProcessing/PostProcessAssembly - application/grpc -
info: Microsoft.AspNetCore.Hosting.Diagnostics[1]
      Request starting HTTP/2 POST http://ilpp/UnityILPP.PostProcessing/PostProcessAssembly - application/grpc -
info: Microsoft.AspNetCore.Routing.EndpointMiddleware[0]
      Executing endpoint 'gRPC - /UnityILPP.PostProcessing/PostProcessAssembly'
info: Microsoft.AspNetCore.Routing.EndpointMiddleware[0]
      Executing endpoint 'gRPC - /UnityILPP.PostProcessing/PostProcessAssembly'
info: Unity.ILPP.Runner.PostProcessingPipeline[0]
      Processing assembly Library/Bee/artifacts/2000b0aE.dag/Unity.RenderPipelines.Core.Runtime.Shared.dll, with 117 defines and 284 references
info: Unity.ILPP.Runner.PostProcessingPipeline[0]
      processors: Unity.Jobs.CodeGen.JobsILPostProcessor, zzzUnity.Burst.CodeGen.BurstILPostProcessor
info: Unity.ILPP.Runner.PostProcessingPipeline[0]
      Processing assembly Library/Bee/artifacts/2000b0aE.dag/Unity.PerformanceTesting.dll, with 118 defines and 277 references
info: Unity.ILPP.Runner.PostProcessingPipeline[0]
      processors: Unity.Jobs.CodeGen.JobsILPostProcessor, zzzUnity.Burst.CodeGen.BurstILPostProcessor
info: Unity.ILPP.Runner.PostProcessingPipeline[0]
      running Unity.Jobs.CodeGen.JobsILPostProcessor
info: Unity.ILPP.Runner.PostProcessingPipeline[0]
      running zzzUnity.Burst.CodeGen.BurstILPostProcessor
info: Microsoft.AspNetCore.Routing.EndpointMiddleware[1]
      Executed endpoint 'gRPC - /UnityILPP.PostProcessing/PostProcessAssembly'
info: Microsoft.AspNetCore.Hosting.Diagnostics[2]
      Request finished HTTP/2 POST http://ilpp/UnityILPP.PostProcessing/PostProcessAssembly - 200 - application/grpc 3277.4794ms
info: Microsoft.AspNetCore.Routing.EndpointMiddleware[1]
      Executed endpoint 'gRPC - /UnityILPP.PostProcessing/PostProcessAssembly'
info: Microsoft.AspNetCore.Hosting.Diagnostics[2]
      Request finished HTTP/2 POST http://ilpp/UnityILPP.PostProcessing/PostProcessAssembly - 200 - application/grpc 505.8512ms
info: Microsoft.AspNetCore.Routing.EndpointMiddleware[1]
      Executed endpoint 'gRPC - /UnityILPP.PostProcessing/PostProcessAssembly'
info: Microsoft.AspNetCore.Hosting.Diagnostics[2]
      Request finished HTTP/2 POST http://ilpp/UnityILPP.PostProcessing/PostProcessAssembly - 200 - application/grpc 3788.7810ms
info: Microsoft.AspNetCore.Routing.EndpointMiddleware[1]
      Executed endpoint 'gRPC - /UnityILPP.PostProcessing/PostProcessAssembly'
info: Microsoft.AspNetCore.Hosting.Diagnostics[2]
      Request finished HTTP/2 POST http://ilpp/UnityILPP.PostProcessing/PostProcessAssembly - 200 - application/grpc 3369.5391ms
info: Microsoft.AspNetCore.Routing.EndpointMiddleware[1]
      Executed endpoint 'gRPC - /UnityILPP.PostProcessing/PostProcessAssembly'
info: Microsoft.AspNetCore.Hosting.Diagnostics[2]
      Request finished HTTP/2 POST http://ilpp/UnityILPP.PostProcessing/PostProcessAssembly - 200 - application/grpc 3371.7094ms
info: Microsoft.AspNetCore.Hosting.Diagnostics[1]
      Request starting HTTP/2 POST http://ilpp/UnityILPP.PostProcessing/PostProcessAssembly - application/grpc -
info: Microsoft.AspNetCore.Hosting.Diagnostics[1]
      Request starting HTTP/2 POST http://ilpp/UnityILPP.PostProcessing/PostProcessAssembly - application/grpc -
info: Microsoft.AspNetCore.Hosting.Diagnostics[1]
      Request starting HTTP/2 POST http://ilpp/UnityILPP.PostProcessing/PostProcessAssembly - application/grpc -
info: Microsoft.AspNetCore.Hosting.Diagnostics[1]
      Request starting HTTP/2 POST http://ilpp/UnityILPP.PostProcessing/PostProcessAssembly - application/grpc -
info: Microsoft.AspNetCore.Routing.EndpointMiddleware[0]
      Executing endpoint 'gRPC - /UnityILPP.PostProcessing/PostProcessAssembly'
info: Microsoft.AspNetCore.Routing.EndpointMiddleware[0]
      Executing endpoint 'gRPC - /UnityILPP.PostProcessing/PostProcessAssembly'
info: Microsoft.AspNetCore.Routing.EndpointMiddleware[0]
      Executing endpoint 'gRPC - /UnityILPP.PostProcessing/PostProcessAssembly'
info: Microsoft.AspNetCore.Routing.EndpointMiddleware[0]
      Executing endpoint 'gRPC - /UnityILPP.PostProcessing/PostProcessAssembly'
info: Unity.ILPP.Runner.PostProcessingPipeline[0]
      Processing assembly Library/Bee/artifacts/2000b0aE.dag/Unity.Burst.dll, with 117 defines and 279 references
info: Unity.ILPP.Runner.PostProcessingPipeline[0]
      Processing assembly Library/Bee/artifacts/2000b0aE.dag/Unity.SurfaceCache.Runtime.dll, with 117 defines and 285 references
info: Unity.ILPP.Runner.PostProcessingPipeline[0]
      processors: Unity.Jobs.CodeGen.JobsILPostProcessor, zzzUnity.Burst.CodeGen.BurstILPostProcessor
info: Unity.ILPP.Runner.PostProcessingPipeline[0]
      processors: Unity.Jobs.CodeGen.JobsILPostProcessor, zzzUnity.Burst.CodeGen.BurstILPostProcessor
info: Unity.ILPP.Runner.PostProcessingPipeline[0]
      Processing assembly Library/Bee/artifacts/2000b0aE.dag/Unity.Splines.dll, with 119 defines and 283 references
info: Unity.ILPP.Runner.PostProcessingPipeline[0]
      processors: Unity.Jobs.CodeGen.JobsILPostProcessor, zzzUnity.Burst.CodeGen.BurstILPostProcessor
info: Unity.ILPP.Runner.PostProcessingPipeline[0]
      Processing assembly Library/Bee/artifacts/2000b0aE.dag/Assembly-CSharp.dll, with 117 defines and 326 references
info: Unity.ILPP.Runner.PostProcessingPipeline[0]
      processors: Unity.Jobs.CodeGen.JobsILPostProcessor, zzzUnity.Burst.CodeGen.BurstILPostProcessor
info: Unity.ILPP.Runner.PostProcessingPipeline[0]
      running Unity.Jobs.CodeGen.JobsILPostProcessor
info: Unity.ILPP.Runner.PostProcessingPipeline[0]
      running zzzUnity.Burst.CodeGen.BurstILPostProcessor
info: Unity.ILPP.Runner.PostProcessingPipeline[0]
      running Unity.Jobs.CodeGen.JobsILPostProcessor
info: Unity.ILPP.Runner.PostProcessingPipeline[0]
      running zzzUnity.Burst.CodeGen.BurstILPostProcessor
info: Unity.ILPP.Runner.PostProcessingPipeline[0]
      running Unity.Jobs.CodeGen.JobsILPostProcessor
info: Unity.ILPP.Runner.PostProcessingPipeline[0]
      running zzzUnity.Burst.CodeGen.BurstILPostProcessor
info: Unity.ILPP.Runner.PostProcessingPipeline[0]
      running Unity.Jobs.CodeGen.JobsILPostProcessor
info: Unity.ILPP.Runner.PostProcessingPipeline[0]
      running zzzUnity.Burst.CodeGen.BurstILPostProcessor
info: Unity.ILPP.Runner.PostProcessingPipeline[0]
      running Unity.Jobs.CodeGen.JobsILPostProcessor
info: Unity.ILPP.Runner.PostProcessingPipeline[0]
      running zzzUnity.Burst.CodeGen.BurstILPostProcessor
info: Unity.ILPP.Runner.PostProcessingPipeline[0]
      running Unity.Jobs.CodeGen.JobsILPostProcessor
info: Unity.ILPP.Runner.PostProcessingPipeline[0]
      running zzzUnity.Burst.CodeGen.BurstILPostProcessor
info: Microsoft.AspNetCore.Routing.EndpointMiddleware[1]
      Executed endpoint 'gRPC - /UnityILPP.PostProcessing/PostProcessAssembly'
info: Microsoft.AspNetCore.Hosting.Diagnostics[2]
      Request finished HTTP/2 POST http://ilpp/UnityILPP.PostProcessing/PostProcessAssembly - 200 - application/grpc 906.0226ms
info: Microsoft.AspNetCore.Routing.EndpointMiddleware[1]
      Executed endpoint 'gRPC - /UnityILPP.PostProcessing/PostProcessAssembly'
info: Microsoft.AspNetCore.Hosting.Diagnostics[2]
      Request finished HTTP/2 POST http://ilpp/UnityILPP.PostProcessing/PostProcessAssembly - 200 - application/grpc 1042.7295ms
info: Unity.ILPP.Runner.PostProcessingPipeline[0]
      running Unity.Jobs.CodeGen.JobsILPostProcessor
info: Microsoft.AspNetCore.Routing.EndpointMiddleware[1]
      Executed endpoint 'gRPC - /UnityILPP.PostProcessing/PostProcessAssembly'
info: Unity.ILPP.Runner.PostProcessingPipeline[0]
      running zzzUnity.Burst.CodeGen.BurstILPostProcessor
info: Microsoft.AspNetCore.Hosting.Diagnostics[2]
      Request finished HTTP/2 POST http://ilpp/UnityILPP.PostProcessing/PostProcessAssembly - 200 - application/grpc 1040.4804ms
info: Microsoft.AspNetCore.Routing.EndpointMiddleware[1]
      Executed endpoint 'gRPC - /UnityILPP.PostProcessing/PostProcessAssembly'
info: Microsoft.AspNetCore.Hosting.Diagnostics[2]
      Request finished HTTP/2 POST http://ilpp/UnityILPP.PostProcessing/PostProcessAssembly - 200 - application/grpc 906.6515ms
info: Microsoft.AspNetCore.Hosting.Diagnostics[1]
      Request starting HTTP/2 POST http://ilpp/UnityILPP.PostProcessing/PostProcessAssembly - application/grpc -
info: Microsoft.AspNetCore.Hosting.Diagnostics[1]
      Request starting HTTP/2 POST http://ilpp/UnityILPP.PostProcessing/PostProcessAssembly - application/grpc -
info: Microsoft.AspNetCore.Routing.EndpointMiddleware[0]
      Executing endpoint 'gRPC - /UnityILPP.PostProcessing/PostProcessAssembly'
info: Microsoft.AspNetCore.Routing.EndpointMiddleware[0]
      Executing endpoint 'gRPC - /UnityILPP.PostProcessing/PostProcessAssembly'
info: Microsoft.AspNetCore.Hosting.Diagnostics[1]
      Request starting HTTP/2 POST http://ilpp/UnityILPP.PostProcessing/PostProcessAssembly - application/grpc -
info: Unity.ILPP.Runner.PostProcessingPipeline[0]
      Processing assembly Library/Bee/artifacts/2000b0aE.dag/Unity.PerformanceTesting.Editor.dll, with 116 defines and 293 references
info: Unity.ILPP.Runner.PostProcessingPipeline[0]
      processors: Unity.Jobs.CodeGen.JobsILPostProcessor, zzzUnity.Burst.CodeGen.BurstILPostProcessor
info: Microsoft.AspNetCore.Routing.EndpointMiddleware[0]
      Executing endpoint 'gRPC - /UnityILPP.PostProcessing/PostProcessAssembly'
info: Unity.ILPP.Runner.PostProcessingPipeline[0]
      Processing assembly Library/Bee/artifacts/2000b0aE.dag/Unity.Cinemachine.Editor.dll, with 122 defines and 304 references
info: Unity.ILPP.Runner.PostProcessingPipeline[0]
      processors: Unity.Jobs.CodeGen.JobsILPostProcessor, zzzUnity.Burst.CodeGen.BurstILPostProcessor
info: Unity.ILPP.Runner.PostProcessingPipeline[0]
      Processing assembly Library/Bee/artifacts/2000b0aE.dag/UnityEditor.UI.dll, with 118 defines and 294 references
info: Unity.ILPP.Runner.PostProcessingPipeline[0]
      processors: Unity.Jobs.CodeGen.JobsILPostProcessor, zzzUnity.Burst.CodeGen.BurstILPostProcessor
info: Microsoft.AspNetCore.Routing.EndpointMiddleware[1]
      Executed endpoint 'gRPC - /UnityILPP.PostProcessing/PostProcessAssembly'
info: Microsoft.AspNetCore.Hosting.Diagnostics[2]
      Request finished HTTP/2 POST http://ilpp/UnityILPP.PostProcessing/PostProcessAssembly - 200 - application/grpc 1042.0668ms
info: Microsoft.AspNetCore.Hosting.Diagnostics[1]
      Request starting HTTP/2 POST http://ilpp/UnityILPP.PostProcessing/PostProcessAssembly - application/grpc -
info: Microsoft.AspNetCore.Routing.EndpointMiddleware[0]
      Executing endpoint 'gRPC - /UnityILPP.PostProcessing/PostProcessAssembly'
info: Unity.ILPP.Runner.PostProcessingPipeline[0]
      Processing assembly Library/Bee/artifacts/2000b0aE.dag/Unity.ShaderGraph.Editor.dll, with 115 defines and 300 references
info: Unity.ILPP.Runner.PostProcessingPipeline[0]
      processors: Unity.Jobs.CodeGen.JobsILPostProcessor, zzzUnity.Burst.CodeGen.BurstILPostProcessor
info: Microsoft.AspNetCore.Routing.EndpointMiddleware[1]
      Executed endpoint 'gRPC - /UnityILPP.PostProcessing/PostProcessAssembly'
info: Microsoft.AspNetCore.Hosting.Diagnostics[2]
      Request finished HTTP/2 POST http://ilpp/UnityILPP.PostProcessing/PostProcessAssembly - 200 - application/grpc 1019.4010ms
info: Microsoft.AspNetCore.Routing.EndpointMiddleware[1]
      Executed endpoint 'gRPC - /UnityILPP.PostProcessing/PostProcessAssembly'
info: Microsoft.AspNetCore.Hosting.Diagnostics[2]
      Request finished HTTP/2 POST http://ilpp/UnityILPP.PostProcessing/PostProcessAssembly - 200 - application/grpc 1026.1825ms
info: Microsoft.AspNetCore.Hosting.Diagnostics[1]
      Request starting HTTP/2 POST http://ilpp/UnityILPP.PostProcessing/PostProcessAssembly - application/grpc -
info: Microsoft.AspNetCore.Routing.EndpointMiddleware[0]
      Executing endpoint 'gRPC - /UnityILPP.PostProcessing/PostProcessAssembly'
info: Unity.ILPP.Runner.PostProcessingPipeline[0]
      Processing assembly Library/Bee/artifacts/2000b0aE.dag/Unity.Collections.Editor.dll, with 116 defines and 296 references
info: Unity.ILPP.Runner.PostProcessingPipeline[0]
      processors: Unity.Jobs.CodeGen.JobsILPostProcessor, zzzUnity.Burst.CodeGen.BurstILPostProcessor
info: Microsoft.AspNetCore.Hosting.Diagnostics[1]
      Request starting HTTP/2 POST http://ilpp/UnityILPP.PostProcessing/PostProcessAssembly - application/grpc -
info: Microsoft.AspNetCore.Hosting.Diagnostics[1]
      Request starting HTTP/2 POST http://ilpp/UnityILPP.PostProcessing/PostProcessAssembly - application/grpc -
info: Microsoft.AspNetCore.Routing.EndpointMiddleware[0]
      Executing endpoint 'gRPC - /UnityILPP.PostProcessing/PostProcessAssembly'
info: Microsoft.AspNetCore.Routing.EndpointMiddleware[0]
      Executing endpoint 'gRPC - /UnityILPP.PostProcessing/PostProcessAssembly'
info: Microsoft.AspNetCore.Hosting.Diagnostics[1]
      Request starting HTTP/2 POST http://ilpp/UnityILPP.PostProcessing/PostProcessAssembly - application/grpc -
info: Microsoft.AspNetCore.Routing.EndpointMiddleware[0]
      Executing endpoint 'gRPC - /UnityILPP.PostProcessing/PostProcessAssembly'
info: Microsoft.AspNetCore.Hosting.Diagnostics[1]
      Request starting HTTP/2 POST http://ilpp/UnityILPP.PostProcessing/PostProcessAssembly - application/grpc -
info: Microsoft.AspNetCore.Hosting.Diagnostics[1]
      Request starting HTTP/2 POST http://ilpp/UnityILPP.PostProcessing/PostProcessAssembly - application/grpc -
info: Microsoft.AspNetCore.Routing.EndpointMiddleware[0]
      Executing endpoint 'gRPC - /UnityILPP.PostProcessing/PostProcessAssembly'
info: Microsoft.AspNetCore.Routing.EndpointMiddleware[0]
      Executing endpoint 'gRPC - /UnityILPP.PostProcessing/PostProcessAssembly'
info: Microsoft.AspNetCore.Hosting.Diagnostics[1]
      Request starting HTTP/2 POST http://ilpp/UnityILPP.PostProcessing/PostProcessAssembly - application/grpc -
info: Microsoft.AspNetCore.Routing.EndpointMiddleware[0]
      Executing endpoint 'gRPC - /UnityILPP.PostProcessing/PostProcessAssembly'
info: Unity.ILPP.Runner.PostProcessingPipeline[0]
      Processing assembly Library/Bee/artifacts/2000b0aE.dag/Unity.Searcher.Editor.dll, with 115 defines and 295 references
info: Unity.ILPP.Runner.PostProcessingPipeline[0]
      processors: Unity.Jobs.CodeGen.JobsILPostProcessor, zzzUnity.Burst.CodeGen.BurstILPostProcessor
info: Unity.ILPP.Runner.PostProcessingPipeline[0]
      Processing assembly Library/Bee/artifacts/2000b0aE.dag/Unity.InputSystem.ForUI.Editor.dll, with 115 defines and 297 references
info: Unity.ILPP.Runner.PostProcessingPipeline[0]
      processors: Unity.Jobs.CodeGen.JobsILPostProcessor, zzzUnity.Burst.CodeGen.BurstILPostProcessor
info: Unity.ILPP.Runner.PostProcessingPipeline[0]
      Processing assembly Library/Bee/artifacts/2000b0aE.dag/UnityEditor.UI.Analytics.dll, with 115 defines and 296 references
info: Unity.ILPP.Runner.PostProcessingPipeline[0]
      Processing assembly Library/Bee/artifacts/2000b0aE.dag/Unity.RenderPipelines.Core.Editor.Shared.dll, with 115 defines and 302 references
info: Unity.ILPP.Runner.PostProcessingPipeline[0]
      processors: Unity.Jobs.CodeGen.JobsILPostProcessor, zzzUnity.Burst.CodeGen.BurstILPostProcessor
info: Unity.ILPP.Runner.PostProcessingPipeline[0]
      Processing assembly Library/Bee/artifacts/2000b0aE.dag/Unity.InternalAPIEditorBridge.007.dll, with 115 defines and 295 references
info: Unity.ILPP.Runner.PostProcessingPipeline[0]
      processors: Unity.Jobs.CodeGen.JobsILPostProcessor, zzzUnity.Burst.CodeGen.BurstILPostProcessor
info: Unity.ILPP.Runner.PostProcessingPipeline[0]
      processors: Unity.Jobs.CodeGen.JobsILPostProcessor, zzzUnity.Burst.CodeGen.BurstILPostProcessor
info: Unity.ILPP.Runner.PostProcessingPipeline[0]
      Processing assembly Library/Bee/artifacts/2000b0aE.dag/Unity.InternalAPIEditorBridge.ShaderGraph.Editor.dll, with 115 defines and 295 references
info: Unity.ILPP.Runner.PostProcessingPipeline[0]
      processors: Unity.Jobs.CodeGen.JobsILPostProcessor, zzzUnity.Burst.CodeGen.BurstILPostProcessor
info: Unity.ILPP.Runner.PostProcessingPipeline[0]
      running Unity.Jobs.CodeGen.JobsILPostProcessor
info: Unity.ILPP.Runner.PostProcessingPipeline[0]
      running zzzUnity.Burst.CodeGen.BurstILPostProcessor
info: Unity.ILPP.Runner.PostProcessingPipeline[0]
      running Unity.Jobs.CodeGen.JobsILPostProcessor
info: Microsoft.AspNetCore.Routing.EndpointMiddleware[1]
      Executed endpoint 'gRPC - /UnityILPP.PostProcessing/PostProcessAssembly'
info: Microsoft.AspNetCore.Hosting.Diagnostics[2]
      Request finished HTTP/2 POST http://ilpp/UnityILPP.PostProcessing/PostProcessAssembly - 200 - application/grpc 867.5441ms
info: Unity.ILPP.Runner.PostProcessingPipeline[0]
      running Unity.Jobs.CodeGen.JobsILPostProcessor
info: Unity.ILPP.Runner.PostProcessingPipeline[0]
      running zzzUnity.Burst.CodeGen.BurstILPostProcessor
info: Unity.ILPP.Runner.PostProcessingPipeline[0]
      running Unity.Jobs.CodeGen.JobsILPostProcessor
info: Unity.ILPP.Runner.PostProcessingPipeline[0]
      running zzzUnity.Burst.CodeGen.BurstILPostProcessor
info: Microsoft.AspNetCore.Routing.EndpointMiddleware[1]
      Executed endpoint 'gRPC - /UnityILPP.PostProcessing/PostProcessAssembly'
info: Microsoft.AspNetCore.Hosting.Diagnostics[2]
      Request finished HTTP/2 POST http://ilpp/UnityILPP.PostProcessing/PostProcessAssembly - 200 - application/grpc 84.7519ms
info: Microsoft.AspNetCore.Routing.EndpointMiddleware[1]
      Executed endpoint 'gRPC - /UnityILPP.PostProcessing/PostProcessAssembly'
info: Microsoft.AspNetCore.Hosting.Diagnostics[2]
      Request finished HTTP/2 POST http://ilpp/UnityILPP.PostProcessing/PostProcessAssembly - 200 - application/grpc 111.0779ms
info: Microsoft.AspNetCore.Hosting.Diagnostics[1]
      Request starting HTTP/2 POST http://ilpp/UnityILPP.PostProcessing/PostProcessAssembly - application/grpc -
info: Microsoft.AspNetCore.Routing.EndpointMiddleware[0]
      Executing endpoint 'gRPC - /UnityILPP.PostProcessing/PostProcessAssembly'
info: Unity.ILPP.Runner.PostProcessingPipeline[0]
      Processing assembly Library/Bee/artifacts/2000b0aE.dag/Unity.InternalAPIEngineBridge.RenderPipelines.Core.Editor.dll, with 115 defines and 295 references
info: Unity.ILPP.Runner.PostProcessingPipeline[0]
      processors: Unity.Jobs.CodeGen.JobsILPostProcessor, zzzUnity.Burst.CodeGen.BurstILPostProcessor
info: Microsoft.AspNetCore.Hosting.Diagnostics[1]
      Request starting HTTP/2 POST http://ilpp/UnityILPP.PostProcessing/PostProcessAssembly - application/grpc -
info: Microsoft.AspNetCore.Routing.EndpointMiddleware[0]
      Executing endpoint 'gRPC - /UnityILPP.PostProcessing/PostProcessAssembly'
info: Unity.ILPP.Runner.PostProcessingPipeline[0]
      Processing assembly Library/Bee/artifacts/2000b0aE.dag/Unity.InternalAPIEngineBridge.007.dll, with 115 defines and 295 references
info: Unity.ILPP.Runner.PostProcessingPipeline[0]
      processors: Unity.Jobs.CodeGen.JobsILPostProcessor, zzzUnity.Burst.CodeGen.BurstILPostProcessor
info: Unity.ILPP.Runner.PostProcessingPipeline[0]
      running Unity.Jobs.CodeGen.JobsILPostProcessor
info: Unity.ILPP.Runner.PostProcessingPipeline[0]
      running zzzUnity.Burst.CodeGen.BurstILPostProcessor
info: Microsoft.AspNetCore.Routing.EndpointMiddleware[1]
      Executed endpoint 'gRPC - /UnityILPP.PostProcessing/PostProcessAssembly'
info: Microsoft.AspNetCore.Hosting.Diagnostics[2]
      Request finished HTTP/2 POST http://ilpp/UnityILPP.PostProcessing/PostProcessAssembly - 200 - application/grpc 24.9895ms
info: Microsoft.AspNetCore.Hosting.Diagnostics[1]
      Request starting HTTP/2 POST http://ilpp/UnityILPP.PostProcessing/PostProcessAssembly - application/grpc -
info: Microsoft.AspNetCore.Routing.EndpointMiddleware[0]
      Executing endpoint 'gRPC - /UnityILPP.PostProcessing/PostProcessAssembly'
info: Unity.ILPP.Runner.PostProcessingPipeline[0]
      Processing assembly Library/Bee/artifacts/2000b0aE.dag/Unity.Multiplayer.Center.Editor.dll, with 115 defines and 296 references
info: Unity.ILPP.Runner.PostProcessingPipeline[0]
      processors: Unity.Jobs.CodeGen.JobsILPostProcessor, zzzUnity.Burst.CodeGen.BurstILPostProcessor
info: Unity.ILPP.Runner.PostProcessingPipeline[0]
      running Unity.Jobs.CodeGen.JobsILPostProcessor
info: Unity.ILPP.Runner.PostProcessingPipeline[0]
      running zzzUnity.Burst.CodeGen.BurstILPostProcessor
info: Microsoft.AspNetCore.Routing.EndpointMiddleware[1]
      Executed endpoint 'gRPC - /UnityILPP.PostProcessing/PostProcessAssembly'
info: Microsoft.AspNetCore.Hosting.Diagnostics[2]
      Request finished HTTP/2 POST http://ilpp/UnityILPP.PostProcessing/PostProcessAssembly - 200 - application/grpc 39.4564ms
info: Unity.ILPP.Runner.PostProcessingPipeline[0]
      running zzzUnity.Burst.CodeGen.BurstILPostProcessor
info: Unity.ILPP.Runner.PostProcessingPipeline[0]
      running Unity.Jobs.CodeGen.JobsILPostProcessor
info: Unity.ILPP.Runner.PostProcessingPipeline[0]
      running zzzUnity.Burst.CodeGen.BurstILPostProcessor
info: Microsoft.AspNetCore.Routing.EndpointMiddleware[1]
      Executed endpoint 'gRPC - /UnityILPP.PostProcessing/PostProcessAssembly'
info: Microsoft.AspNetCore.Hosting.Diagnostics[2]
      Request finished HTTP/2 POST http://ilpp/UnityILPP.PostProcessing/PostProcessAssembly - 200 - application/grpc 2205.6076ms
info: Microsoft.AspNetCore.Routing.EndpointMiddleware[1]
      Executed endpoint 'gRPC - /UnityILPP.PostProcessing/PostProcessAssembly'
info: Microsoft.AspNetCore.Hosting.Diagnostics[2]
      Request finished HTTP/2 POST http://ilpp/UnityILPP.PostProcessing/PostProcessAssembly - 200 - application/grpc 3393.2612ms
info: Unity.ILPP.Runner.PostProcessingPipeline[0]
      running Unity.Jobs.CodeGen.JobsILPostProcessor
info: Unity.ILPP.Runner.PostProcessingPipeline[0]
      running Unity.Jobs.CodeGen.JobsILPostProcessor
info: Unity.ILPP.Runner.PostProcessingPipeline[0]
      running zzzUnity.Burst.CodeGen.BurstILPostProcessor
info: Unity.ILPP.Runner.PostProcessingPipeline[0]
      running zzzUnity.Burst.CodeGen.BurstILPostProcessor
info: Unity.ILPP.Runner.PostProcessingPipeline[0]
      running Unity.Jobs.CodeGen.JobsILPostProcessor
info: Unity.ILPP.Runner.PostProcessingPipeline[0]
      running zzzUnity.Burst.CodeGen.BurstILPostProcessor
info: Unity.ILPP.Runner.PostProcessingPipeline[0]
      running Unity.Jobs.CodeGen.JobsILPostProcessor
info: Unity.ILPP.Runner.PostProcessingPipeline[0]
      running zzzUnity.Burst.CodeGen.BurstILPostProcessor
info: Unity.ILPP.Runner.PostProcessingPipeline[0]
      running Unity.Jobs.CodeGen.JobsILPostProcessor
info: Unity.ILPP.Runner.PostProcessingPipeline[0]
      running zzzUnity.Burst.CodeGen.BurstILPostProcessor
info: Unity.ILPP.Runner.PostProcessingPipeline[0]
      running Unity.Jobs.CodeGen.JobsILPostProcessor
info: Unity.ILPP.Runner.PostProcessingPipeline[0]
      running zzzUnity.Burst.CodeGen.BurstILPostProcessor
info: Microsoft.AspNetCore.Routing.EndpointMiddleware[1]
      Executed endpoint 'gRPC - /UnityILPP.PostProcessing/PostProcessAssembly'
info: Microsoft.AspNetCore.Hosting.Diagnostics[2]
      Request finished HTTP/2 POST http://ilpp/UnityILPP.PostProcessing/PostProcessAssembly - 200 - application/grpc 1513.4080ms
info: Microsoft.AspNetCore.Routing.EndpointMiddleware[1]
      Executed endpoint 'gRPC - /UnityILPP.PostProcessing/PostProcessAssembly'
info: Microsoft.AspNetCore.Routing.EndpointMiddleware[1]
      Executed endpoint 'gRPC - /UnityILPP.PostProcessing/PostProcessAssembly'
info: Microsoft.AspNetCore.Hosting.Diagnostics[2]
      Request finished HTTP/2 POST http://ilpp/UnityILPP.PostProcessing/PostProcessAssembly - 200 - application/grpc 1509.9332ms
info: Microsoft.AspNetCore.Hosting.Diagnostics[2]
      Request finished HTTP/2 POST http://ilpp/UnityILPP.PostProcessing/PostProcessAssembly - 200 - application/grpc 1513.8383ms
info: Microsoft.AspNetCore.Hosting.Diagnostics[1]
      Request starting HTTP/2 POST http://ilpp/UnityILPP.PostProcessing/PostProcessAssembly - application/grpc -
info: Microsoft.AspNetCore.Routing.EndpointMiddleware[0]
      Executing endpoint 'gRPC - /UnityILPP.PostProcessing/PostProcessAssembly'
info: Microsoft.AspNetCore.Hosting.Diagnostics[1]
      Request starting HTTP/2 POST http://ilpp/UnityILPP.PostProcessing/PostProcessAssembly - application/grpc -
info: Microsoft.AspNetCore.Routing.EndpointMiddleware[0]
      Executing endpoint 'gRPC - /UnityILPP.PostProcessing/PostProcessAssembly'
info: Unity.ILPP.Runner.PostProcessingPipeline[0]
      Processing assembly Library/Bee/artifacts/2000b0aE.dag/Unity.RenderPipelines.Core.Editor.dll, with 118 defines and 304 references
info: Unity.ILPP.Runner.PostProcessingPipeline[0]
      Processing assembly Library/Bee/artifacts/2000b0aE.dag/Unity.TextMeshPro.Editor.dll, with 115 defines and 297 references
info: Unity.ILPP.Runner.PostProcessingPipeline[0]
      processors: Unity.Jobs.CodeGen.JobsILPostProcessor, zzzUnity.Burst.CodeGen.BurstILPostProcessor
info: Unity.ILPP.Runner.PostProcessingPipeline[0]
      processors: Unity.Jobs.CodeGen.JobsILPostProcessor, zzzUnity.Burst.CodeGen.BurstILPostProcessor
info: Microsoft.AspNetCore.Routing.EndpointMiddleware[1]
      Executed endpoint 'gRPC - /UnityILPP.PostProcessing/PostProcessAssembly'
info: Microsoft.AspNetCore.Hosting.Diagnostics[2]
      Request finished HTTP/2 POST http://ilpp/UnityILPP.PostProcessing/PostProcessAssembly - 200 - application/grpc 1511.7333ms
info: Microsoft.AspNetCore.Routing.EndpointMiddleware[1]
      Executed endpoint 'gRPC - /UnityILPP.PostProcessing/PostProcessAssembly'
info: Microsoft.AspNetCore.Hosting.Diagnostics[2]
      Request finished HTTP/2 POST http://ilpp/UnityILPP.PostProcessing/PostProcessAssembly - 200 - application/grpc 2359.6194ms
info: Microsoft.AspNetCore.Routing.EndpointMiddleware[1]
      Executed endpoint 'gRPC - /UnityILPP.PostProcessing/PostProcessAssembly'
info: Microsoft.AspNetCore.Hosting.Diagnostics[2]
      Request finished HTTP/2 POST http://ilpp/UnityILPP.PostProcessing/PostProcessAssembly - 200 - application/grpc 1255.2954ms
info: Unity.ILPP.Runner.PostProcessingPipeline[0]
      running Unity.Jobs.CodeGen.JobsILPostProcessor
info: Unity.ILPP.Runner.PostProcessingPipeline[0]
      running zzzUnity.Burst.CodeGen.BurstILPostProcessor
info: Microsoft.AspNetCore.Routing.EndpointMiddleware[1]
      Executed endpoint 'gRPC - /UnityILPP.PostProcessing/PostProcessAssembly'
info: Microsoft.AspNetCore.Hosting.Diagnostics[2]
      Request finished HTTP/2 POST http://ilpp/UnityILPP.PostProcessing/PostProcessAssembly - 200 - application/grpc 2373.6673ms
info: Unity.ILPP.Runner.PostProcessingPipeline[0]
      running Unity.Jobs.CodeGen.JobsILPostProcessor
info: Unity.ILPP.Runner.PostProcessingPipeline[0]
      running zzzUnity.Burst.CodeGen.BurstILPostProcessor
info: Microsoft.AspNetCore.Routing.EndpointMiddleware[1]
      Executed endpoint 'gRPC - /UnityILPP.PostProcessing/PostProcessAssembly'
info: Microsoft.AspNetCore.Hosting.Diagnostics[2]
      Request finished HTTP/2 POST http://ilpp/UnityILPP.PostProcessing/PostProcessAssembly - 200 - application/grpc 2404.0050ms
info: Microsoft.AspNetCore.Hosting.Diagnostics[1]
      Request starting HTTP/2 POST http://ilpp/UnityILPP.PostProcessing/PostProcessAssembly - application/grpc -
info: Microsoft.AspNetCore.Hosting.Diagnostics[1]
      Request starting HTTP/2 POST http://ilpp/UnityILPP.PostProcessing/PostProcessAssembly - application/grpc -
info: Microsoft.AspNetCore.Hosting.Diagnostics[1]
      Request starting HTTP/2 POST http://ilpp/UnityILPP.PostProcessing/PostProcessAssembly - application/grpc -
info: Microsoft.AspNetCore.Hosting.Diagnostics[1]
      Request starting HTTP/2 POST http://ilpp/UnityILPP.PostProcessing/PostProcessAssembly - application/grpc -
info: Microsoft.AspNetCore.Routing.EndpointMiddleware[0]
      Executing endpoint 'gRPC - /UnityILPP.PostProcessing/PostProcessAssembly'
info: Microsoft.AspNetCore.Routing.EndpointMiddleware[0]
      Executing endpoint 'gRPC - /UnityILPP.PostProcessing/PostProcessAssembly'
info: Microsoft.AspNetCore.Routing.EndpointMiddleware[0]
      Executing endpoint 'gRPC - /UnityILPP.PostProcessing/PostProcessAssembly'
info: Microsoft.AspNetCore.Routing.EndpointMiddleware[0]
      Executing endpoint 'gRPC - /UnityILPP.PostProcessing/PostProcessAssembly'
info: Microsoft.AspNetCore.Hosting.Diagnostics[1]
      Request starting HTTP/2 POST http://ilpp/UnityILPP.PostProcessing/PostProcessAssembly - application/grpc -
info: Microsoft.AspNetCore.Routing.EndpointMiddleware[0]
      Executing endpoint 'gRPC - /UnityILPP.PostProcessing/PostProcessAssembly'
info: Microsoft.AspNetCore.Hosting.Diagnostics[1]
      Request starting HTTP/2 POST http://ilpp/UnityILPP.PostProcessing/PostProcessAssembly - application/grpc -
info: Microsoft.AspNetCore.Routing.EndpointMiddleware[0]
      Executing endpoint 'gRPC - /UnityILPP.PostProcessing/PostProcessAssembly'
info: Unity.ILPP.Runner.PostProcessingPipeline[0]
      Processing assembly Library/Bee/artifacts/2000b0aE.dag/Unity.PathTracing.Editor.dll, with 116 defines and 299 references
info: Unity.ILPP.Runner.PostProcessingPipeline[0]
      Processing assembly Library/Bee/artifacts/2000b0aE.dag/Unity.RenderPipelines.Universal.2D.Editor.Overrides.dll, with 116 defines and 304 references
info: Unity.ILPP.Runner.PostProcessingPipeline[0]
      processors: Unity.Jobs.CodeGen.JobsILPostProcessor, zzzUnity.Burst.CodeGen.BurstILPostProcessor
info: Unity.ILPP.Runner.PostProcessingPipeline[0]
      processors: Unity.Jobs.CodeGen.JobsILPostProcessor, zzzUnity.Burst.CodeGen.BurstILPostProcessor
info: Unity.ILPP.Runner.PostProcessingPipeline[0]
      Processing assembly Library/Bee/artifacts/2000b0aE.dag/Unity.EditorCoroutines.Editor.dll, with 115 defines and 295 references
info: Unity.ILPP.Runner.PostProcessingPipeline[0]
      Processing assembly Library/Bee/artifacts/2000b0aE.dag/Unity.Rendering.LightTransport.Editor.dll, with 115 defines and 295 references
info: Unity.ILPP.Runner.PostProcessingPipeline[0]
      processors: Unity.Jobs.CodeGen.JobsILPostProcessor, zzzUnity.Burst.CodeGen.BurstILPostProcessor
info: Unity.ILPP.Runner.PostProcessingPipeline[0]
      processors: Unity.Jobs.CodeGen.JobsILPostProcessor, zzzUnity.Burst.CodeGen.BurstILPostProcessor
info: Unity.ILPP.Runner.PostProcessingPipeline[0]
      Processing assembly Library/Bee/artifacts/2000b0aE.dag/Unity.RenderPipelines.Universal.Editor.dll, with 117 defines and 308 references
info: Unity.ILPP.Runner.PostProcessingPipeline[0]
      Processing assembly Library/Bee/artifacts/2000b0aE.dag/Unity.Settings.Editor.dll, with 115 defines and 295 references
info: Unity.ILPP.Runner.PostProcessingPipeline[0]
      processors: Unity.Jobs.CodeGen.JobsILPostProcessor, zzzUnity.Burst.CodeGen.BurstILPostProcessor
info: Unity.ILPP.Runner.PostProcessingPipeline[0]
      processors: Unity.Jobs.CodeGen.JobsILPostProcessor, zzzUnity.Burst.CodeGen.BurstILPostProcessor
info: Microsoft.AspNetCore.Hosting.Diagnostics[1]
      Request starting HTTP/2 POST http://ilpp/UnityILPP.PostProcessing/PostProcessAssembly - application/grpc -
info: Microsoft.AspNetCore.Routing.EndpointMiddleware[0]
      Executing endpoint 'gRPC - /UnityILPP.PostProcessing/PostProcessAssembly'
info: Unity.ILPP.Runner.PostProcessingPipeline[0]
      Processing assembly Library/Bee/artifacts/2000b0aE.dag/Unity.Tutorials.Editor.dll, with 115 defines and 300 references
info: Unity.ILPP.Runner.PostProcessingPipeline[0]
      processors: Unity.Jobs.CodeGen.JobsILPostProcessor, zzzUnity.Burst.CodeGen.BurstILPostProcessor
info: Microsoft.AspNetCore.Hosting.Diagnostics[1]
      Request starting HTTP/2 POST http://ilpp/UnityILPP.PostProcessing/PostProcessAssembly - application/grpc -
info: Microsoft.AspNetCore.Routing.EndpointMiddleware[0]
      Executing endpoint 'gRPC - /UnityILPP.PostProcessing/PostProcessAssembly'
info: Unity.ILPP.Runner.PostProcessingPipeline[0]
      Processing assembly Library/Bee/artifacts/2000b0aE.dag/Assembly-CSharp-Editor.dll, with 115 defines and 344 references
info: Unity.ILPP.Runner.PostProcessingPipeline[0]
      processors: Unity.Jobs.CodeGen.JobsILPostProcessor, zzzUnity.Burst.CodeGen.BurstILPostProcessor
info: Microsoft.AspNetCore.Hosting.Diagnostics[1]
      Request starting HTTP/2 POST http://ilpp/UnityILPP.PostProcessing/PostProcessAssembly - application/grpc -
info: Microsoft.AspNetCore.Routing.EndpointMiddleware[0]
      Executing endpoint 'gRPC - /UnityILPP.PostProcessing/PostProcessAssembly'
info: Microsoft.AspNetCore.Hosting.Diagnostics[1]
      Request starting HTTP/2 POST http://ilpp/UnityILPP.PostProcessing/PostProcessAssembly - application/grpc -
info: Microsoft.AspNetCore.Routing.EndpointMiddleware[0]
      Executing endpoint 'gRPC - /UnityILPP.PostProcessing/PostProcessAssembly'
info: Unity.ILPP.Runner.PostProcessingPipeline[0]
      Processing assembly Library/Bee/artifacts/2000b0aE.dag/Unity.Splines.Editor.dll, with 115 defines and 298 references
info: Unity.ILPP.Runner.PostProcessingPipeline[0]
      processors: Unity.Jobs.CodeGen.JobsILPostProcessor, zzzUnity.Burst.CodeGen.BurstILPostProcessor
info: Unity.ILPP.Runner.PostProcessingPipeline[0]
      Processing assembly Library/Bee/artifacts/2000b0aE.dag/Unity.Burst.Editor.dll, with 115 defines and 296 references
info: Unity.ILPP.Runner.PostProcessingPipeline[0]
      processors: Unity.Jobs.CodeGen.JobsILPostProcessor, zzzUnity.Burst.CodeGen.BurstILPostProcessor
info: Unity.ILPP.Runner.PostProcessingPipeline[0]
      running Unity.Jobs.CodeGen.JobsILPostProcessor
info: Unity.ILPP.Runner.PostProcessingPipeline[0]
      running zzzUnity.Burst.CodeGen.BurstILPostProcessor
info: Microsoft.AspNetCore.Routing.EndpointMiddleware[1]
      Executed endpoint 'gRPC - /UnityILPP.PostProcessing/PostProcessAssembly'
info: Microsoft.AspNetCore.Hosting.Diagnostics[2]
      Request finished HTTP/2 POST http://ilpp/UnityILPP.PostProcessing/PostProcessAssembly - 200 - application/grpc 387.1549ms
info: Unity.ILPP.Runner.PostProcessingPipeline[0]
      running Unity.Jobs.CodeGen.JobsILPostProcessor
info: Unity.ILPP.Runner.PostProcessingPipeline[0]
      running zzzUnity.Burst.CodeGen.BurstILPostProcessor
info: Unity.ILPP.Runner.PostProcessingPipeline[0]
      running Unity.Jobs.CodeGen.JobsILPostProcessor
info: Unity.ILPP.Runner.PostProcessingPipeline[0]
      running zzzUnity.Burst.CodeGen.BurstILPostProcessor
info: Microsoft.AspNetCore.Routing.EndpointMiddleware[1]
      Executed endpoint 'gRPC - /UnityILPP.PostProcessing/PostProcessAssembly'
info: Unity.ILPP.Runner.PostProcessingPipeline[0]
      running Unity.Jobs.CodeGen.JobsILPostProcessor
info: Microsoft.AspNetCore.Hosting.Diagnostics[2]
      Request finished HTTP/2 POST http://ilpp/UnityILPP.PostProcessing/PostProcessAssembly - 200 - application/grpc 2957.7248ms
info: Unity.ILPP.Runner.PostProcessingPipeline[0]
      running Unity.Jobs.CodeGen.JobsILPostProcessor
info: Unity.ILPP.Runner.PostProcessingPipeline[0]
      running zzzUnity.Burst.CodeGen.BurstILPostProcessor
info: Unity.ILPP.Runner.PostProcessingPipeline[0]
      running Unity.Jobs.CodeGen.JobsILPostProcessor
info: Unity.ILPP.Runner.PostProcessingPipeline[0]
      running zzzUnity.Burst.CodeGen.BurstILPostProcessor
info: Unity.ILPP.Runner.PostProcessingPipeline[0]
      running zzzUnity.Burst.CodeGen.BurstILPostProcessor
info: Unity.ILPP.Runner.PostProcessingPipeline[0]
      running Unity.Jobs.CodeGen.JobsILPostProcessor
info: Unity.ILPP.Runner.PostProcessingPipeline[0]
      running zzzUnity.Burst.CodeGen.BurstILPostProcessor
info: Microsoft.AspNetCore.Routing.EndpointMiddleware[1]
      Executed endpoint 'gRPC - /UnityILPP.PostProcessing/PostProcessAssembly'
info: Microsoft.AspNetCore.Hosting.Diagnostics[2]
      Request finished HTTP/2 POST http://ilpp/UnityILPP.PostProcessing/PostProcessAssembly - 200 - application/grpc 2996.3523ms
info: Microsoft.AspNetCore.Routing.EndpointMiddleware[1]
      Executed endpoint 'gRPC - /UnityILPP.PostProcessing/PostProcessAssembly'
info: Microsoft.AspNetCore.Hosting.Diagnostics[2]
      Request finished HTTP/2 POST http://ilpp/UnityILPP.PostProcessing/PostProcessAssembly - 200 - application/grpc 2996.3476ms
info: Microsoft.AspNetCore.Routing.EndpointMiddleware[1]
      Executed endpoint 'gRPC - /UnityILPP.PostProcessing/PostProcessAssembly'
info: Microsoft.AspNetCore.Hosting.Diagnostics[2]
      Request finished HTTP/2 POST http://ilpp/UnityILPP.PostProcessing/PostProcessAssembly - 200 - application/grpc 2996.9138ms
info: Microsoft.AspNetCore.Routing.EndpointMiddleware[1]
      Executed endpoint 'gRPC - /UnityILPP.PostProcessing/PostProcessAssembly'
info: Microsoft.AspNetCore.Hosting.Diagnostics[2]
      Request finished HTTP/2 POST http://ilpp/UnityILPP.PostProcessing/PostProcessAssembly - 200 - application/grpc 2983.7696ms
info: Unity.ILPP.Runner.PostProcessingPipeline[0]
      running Unity.Jobs.CodeGen.JobsILPostProcessor
info: Unity.ILPP.Runner.PostProcessingPipeline[0]
      running zzzUnity.Burst.CodeGen.BurstILPostProcessor
info: Microsoft.AspNetCore.Routing.EndpointMiddleware[1]
      Executed endpoint 'gRPC - /UnityILPP.PostProcessing/PostProcessAssembly'
info: Microsoft.AspNetCore.Hosting.Diagnostics[2]
      Request finished HTTP/2 POST http://ilpp/UnityILPP.PostProcessing/PostProcessAssembly - 200 - application/grpc 3033.1533ms
info: Microsoft.AspNetCore.Hosting.Diagnostics[1]
      Request starting HTTP/2 POST http://ilpp/UnityILPP.PostProcessing/PostProcessAssembly - application/grpc -
info: Microsoft.AspNetCore.Routing.EndpointMiddleware[0]
      Executing endpoint 'gRPC - /UnityILPP.PostProcessing/PostProcessAssembly'
info: Unity.ILPP.Runner.PostProcessingPipeline[0]
      Processing assembly Library/Bee/artifacts/2000b0aE.dag/Unity.InputSystem.DocCodeSamples.dll, with 115 defines and 293 references
info: Unity.ILPP.Runner.PostProcessingPipeline[0]
      processors: Unity.Jobs.CodeGen.JobsILPostProcessor, zzzUnity.Burst.CodeGen.BurstILPostProcessor
info: Microsoft.AspNetCore.Routing.EndpointMiddleware[1]
      Executed endpoint 'gRPC - /UnityILPP.PostProcessing/PostProcessAssembly'
info: Microsoft.AspNetCore.Hosting.Diagnostics[2]
      Request finished HTTP/2 POST http://ilpp/UnityILPP.PostProcessing/PostProcessAssembly - 200 - application/grpc 3265.4906ms
info: Unity.ILPP.Runner.PostProcessingPipeline[0]
      running Unity.Jobs.CodeGen.JobsILPostProcessor
info: Unity.ILPP.Runner.PostProcessingPipeline[0]
      running zzzUnity.Burst.CodeGen.BurstILPostProcessor
info: Microsoft.AspNetCore.Routing.EndpointMiddleware[1]
      Executed endpoint 'gRPC - /UnityILPP.PostProcessing/PostProcessAssembly'
info: Microsoft.AspNetCore.Hosting.Diagnostics[2]
      Request finished HTTP/2 POST http://ilpp/UnityILPP.PostProcessing/PostProcessAssembly - 200 - application/grpc 3057.6252ms
info: Unity.ILPP.Runner.PostProcessingPipeline[0]
      running Unity.Jobs.CodeGen.JobsILPostProcessor
info: Unity.ILPP.Runner.PostProcessingPipeline[0]
      running zzzUnity.Burst.CodeGen.BurstILPostProcessor
info: Unity.ILPP.Runner.PostProcessingPipeline[0]
      running Unity.Jobs.CodeGen.JobsILPostProcessor
info: Unity.ILPP.Runner.PostProcessingPipeline[0]
      running Unity.Jobs.CodeGen.JobsILPostProcessor
info: Unity.ILPP.Runner.PostProcessingPipeline[0]
      running zzzUnity.Burst.CodeGen.BurstILPostProcessor
info: Microsoft.AspNetCore.Routing.EndpointMiddleware[1]
      Executed endpoint 'gRPC - /UnityILPP.PostProcessing/PostProcessAssembly'
info: Microsoft.AspNetCore.Hosting.Diagnostics[2]
      Request finished HTTP/2 POST http://ilpp/UnityILPP.PostProcessing/PostProcessAssembly - 200 - application/grpc 3096.2971ms
info: Microsoft.AspNetCore.Routing.EndpointMiddleware[1]
      Executed endpoint 'gRPC - /UnityILPP.PostProcessing/PostProcessAssembly'
info: Microsoft.AspNetCore.Hosting.Diagnostics[2]
      Request finished HTTP/2 POST http://ilpp/UnityILPP.PostProcessing/PostProcessAssembly - 200 - application/grpc 3108.2161ms
info: Unity.ILPP.Runner.PostProcessingPipeline[0]
      running Unity.Jobs.CodeGen.JobsILPostProcessor
info: Unity.ILPP.Runner.PostProcessingPipeline[0]
      running zzzUnity.Burst.CodeGen.BurstILPostProcessor
info: Microsoft.AspNetCore.Routing.EndpointMiddleware[1]
      Executed endpoint 'gRPC - /UnityILPP.PostProcessing/PostProcessAssembly'
info: Microsoft.AspNetCore.Hosting.Diagnostics[2]
      Request finished HTTP/2 POST http://ilpp/UnityILPP.PostProcessing/PostProcessAssembly - 200 - application/grpc 84.2245ms
info: Microsoft.AspNetCore.Hosting.Diagnostics[1]
      Request starting HTTP/2 POST http://ilpp/UnityILPP.PostProcessing/PostProcessAssembly - application/grpc -
info: Microsoft.AspNetCore.Routing.EndpointMiddleware[0]
      Executing endpoint 'gRPC - /UnityILPP.PostProcessing/PostProcessAssembly'
info: Unity.ILPP.Runner.PostProcessingPipeline[0]
      Processing assembly Library/Bee/artifacts/2000b0aE.dag/Unity.ShaderGraph.Utilities.dll, with 115 defines and 295 references
info: Unity.ILPP.Runner.PostProcessingPipeline[0]
      processors: Unity.Jobs.CodeGen.JobsILPostProcessor, zzzUnity.Burst.CodeGen.BurstILPostProcessor
info: Unity.ILPP.Runner.PostProcessingPipeline[0]
      running Unity.Jobs.CodeGen.JobsILPostProcessor
info: Unity.ILPP.Runner.PostProcessingPipeline[0]
      running zzzUnity.Burst.CodeGen.BurstILPostProcessor
info: Microsoft.AspNetCore.Routing.EndpointMiddleware[1]
      Executed endpoint 'gRPC - /UnityILPP.PostProcessing/PostProcessAssembly'
info: Microsoft.AspNetCore.Hosting.Diagnostics[2]
      Request finished HTTP/2 POST http://ilpp/UnityILPP.PostProcessing/PostProcessAssembly - 200 - application/grpc 236.4532ms
info: Unity.ILPP.Runner.PostProcessingPipeline[0]
      running zzzUnity.Burst.CodeGen.BurstILPostProcessor
info: Microsoft.AspNetCore.Routing.EndpointMiddleware[1]
      Executed endpoint 'gRPC - /UnityILPP.PostProcessing/PostProcessAssembly'
info: Microsoft.AspNetCore.Hosting.Diagnostics[2]
      Request finished HTTP/2 POST http://ilpp/UnityILPP.PostProcessing/PostProcessAssembly - 200 - application/grpc 4172.2021ms
ExitCode: 0 Duration: 14s
Finished compiling graph: 821 nodes, 15084 flattened edges (12492 ToBuild, 122 ToUse), maximum node priority 917
[ 88/818    0s] WriteText Library/Bee/artifacts/2000b0aE.dag/UnityEngine.TestRunner.rsp2
[ 95/818    0s] WriteText Library/Bee/artifacts/2000b0aE.dag/UnityEngine.TestRunner.UnityAdditionalFile.txt
[164/818    0s] WriteText Library/Bee/artifacts/2000b0aE.dag/UnityEngine.UI.rsp2
[172/818    0s] WriteText Library/Bee/artifacts/2000b0aE.dag/UnityEditor.TestRunner.UnityAdditionalFile.txt
[173/818    0s] WriteText Library/Bee/artifacts/2000b0aE.dag/UnityEditor.UI.rsp2
[175/818    0s] WriteText Library/Bee/artifacts/2000b0aE.dag/UnityEditor.TestRunner.rsp2
[176/818    0s] WriteText Library/Bee/artifacts/2000b0aE.dag/Unity.Mathematics.rsp2
[180/818    0s] WriteText Library/Bee/artifacts/2000b0aE.dag/Unity.Mathematics.UnityAdditionalFile.txt
[181/818    0s] WriteText Library/Bee/artifacts/2000b0aE.dag/Unity.Burst.UnityAdditionalFile.txt
[184/818    0s] WriteText Library/Bee/artifacts/2000b0aE.dag/Unity.Burst.rsp2
[187/818    0s] WriteText Library/Bee/artifacts/2000b0aE.dag/Unity.RenderPipelines.Core.Runtime.rsp2
[188/818    0s] WriteText Library/Bee/artifacts/2000b0aE.dag/Unity.Collections.UnityAdditionalFile.txt
[189/818    0s] WriteText Library/Bee/artifacts/2000b0aE.dag/Unity.InputSystem.UnityAdditionalFile.txt
[190/818    0s] WriteText Library/Bee/artifacts/2000b0aE.dag/UnityEditor.UI.UnityAdditionalFile.txt
[191/818    0s] WriteText Library/Bee/artifacts/2000b0aE.dag/Unity.RenderPipelines.Core.Runtime.UnityAdditionalFile.txt
[192/818    0s] WriteText Library/Bee/artifacts/2000b0aE.dag/Unity.InputSystem.rsp2
[193/818    0s] WriteText Library/Bee/artifacts/2000b0aE.dag/Unity.UnifiedRayTracing.Runtime.rsp2
[194/818    0s] WriteText Library/Bee/artifacts/2000b0aE.dag/Unity.UnifiedRayTracing.Runtime.UnityAdditionalFile.txt
[200/818    0s] WriteText Library/Bee/artifacts/2000b0aE.dag/Unity.Burst.CodeGen.rsp2
[201/818    0s] WriteText Library/Bee/artifacts/2000b0aE.dag/Unity.Collections.CodeGen.UnityAdditionalFile.txt
[202/818    0s] WriteText Library/Bee/artifacts/2000b0aE.dag/Unity.Collections.CodeGen.rsp2
[204/818    0s] WriteText Library/Bee/artifacts/2000b0aE.dag/Unity.Burst.CodeGen.UnityAdditionalFile.txt
[208/818    0s] WriteText Library/Bee/artifacts/2000b0aE.dag/UnityEngine.UI.UnityAdditionalFile.txt
[209/818    0s] WriteText Library/Bee/artifacts/2000b0aE.dag/Unity.InternalAPIEngineBridge.RenderPipelines.Core.Runtime.Shared.rsp2
[210/818    0s] WriteText Library/Bee/artifacts/2000b0aE.dag/Unity.PathTracing.Runtime.rsp2
[212/818    0s] WriteText Library/Bee/artifacts/2000b0aE.dag/Unity.PathTracing.Runtime.UnityAdditionalFile.txt
[213/818    0s] WriteText Library/Bee/artifacts/2000b0aE.dag/Unity.InternalAPIEngineBridge.RenderPipelines.Core.Runtime.Shared.UnityAdditionalFile.txt
[215/818    0s] WriteText Library/Bee/artifacts/2000b0aE.dag/Unity.Collections.rsp2
[216/818    0s] WriteText Library/Bee/artifacts/2000b0aE.dag/Unity.RenderPipelines.GPUDriven.Runtime.rsp2
[220/818    0s] WriteText Library/Bee/artifacts/2000b0aE.dag/Unity.RenderPipelines.GPUDriven.Runtime.UnityAdditionalFile.txt
[225/818    0s] WriteText Library/Bee/artifacts/2000b0aE.dag/Unity.RenderPipeline.Universal.ShaderLibrary.UnityAdditionalFile.txt
[226/818    0s] WriteText Library/Bee/artifacts/2000b0aE.dag/Unity.RenderPipelines.Core.Runtime.Shared.UnityAdditionalFile.txt
[238/818    0s] WriteText Library/Bee/artifacts/2000b0aE.dag/Unity.InternalAPIEngineBridge.RenderPipelines.Core.Editor.rsp2
[244/818    0s] WriteText Library/Bee/artifacts/2000b0aE.dag/Unity.SurfaceCache.Runtime.UnityAdditionalFile.txt
[246/818    0s] WriteText Library/Bee/artifacts/2000b0aE.dag/Unity.RenderPipeline.Universal.ShaderLibrary.rsp2
[247/818    0s] WriteText Library/Bee/artifacts/2000b0aE.dag/Unity.SurfaceCache.Runtime.rsp2
[249/818    0s] WriteText Library/Bee/artifacts/2000b0aE.dag/Unity.InternalAPIEngineBridge.RenderPipelines.Core.Editor.UnityAdditionalFile.txt
[252/818    0s] WriteText Library/Bee/artifacts/2000b0aE.dag/Unity.RenderPipelines.Core.Runtime.Shared.rsp2
[253/818    0s] WriteText Library/Bee/artifacts/2000b0aE.dag/Unity.PathTracing.Editor.rsp2
[254/818    0s] WriteText Library/Bee/artifacts/2000b0aE.dag/Unity.PathTracing.Editor.UnityAdditionalFile.txt
[256/818    0s] WriteText Library/Bee/artifacts/2000b0aE.dag/Unity.RenderPipelines.Universal.Config.Runtime.rsp2
[257/818    0s] WriteText Library/Bee/artifacts/2000b0aE.dag/Unity.RenderPipelines.Universal.Config.Runtime.UnityAdditionalFile.txt
[263/818    0s] WriteText Library/Bee/artifacts/2000b0aE.dag/Unity.RenderPipelines.Universal.Runtime.rsp2
[264/818    0s] WriteText Library/Bee/artifacts/2000b0aE.dag/Unity.RenderPipelines.Universal.Runtime.UnityAdditionalFile.txt
[265/818    0s] WriteText Library/Bee/artifacts/2000b0aE.dag/Unity.RenderPipelines.Core.Editor.UnityAdditionalFile.txt
[266/818    0s] WriteText Library/Bee/artifacts/2000b0aE.dag/Unity.RenderPipelines.Core.Editor.rsp2
[268/818    0s] WriteText Library/Bee/artifacts/2000b0aE.dag/Unity.InternalAPIEditorBridge.ShaderGraph.Editor.UnityAdditionalFile.txt
[269/818    0s] WriteText Library/Bee/artifacts/2000b0aE.dag/Unity.InternalAPIEditorBridge.ShaderGraph.Editor.rsp2
[270/818    0s] WriteText Library/Bee/artifacts/2000b0aE.dag/Unity.Searcher.Editor.rsp2
[271/818    0s] WriteText Library/Bee/artifacts/2000b0aE.dag/Unity.ShaderGraph.Utilities.UnityAdditionalFile.txt
[272/818    0s] WriteText Library/Bee/artifacts/2000b0aE.dag/Unity.Searcher.Editor.UnityAdditionalFile.txt
[273/818    0s] WriteText Library/Bee/artifacts/2000b0aE.dag/Unity.RenderPipelines.Universal.2D.Runtime.UnityAdditionalFile.txt
[274/818    0s] WriteText Library/Bee/artifacts/2000b0aE.dag/Unity.Splines.rsp2
[275/818    0s] WriteText Library/Bee/artifacts/2000b0aE.dag/Unity.Splines.UnityAdditionalFile.txt
[276/818    0s] WriteText Library/Bee/artifacts/2000b0aE.dag/Unity.Burst.Editor.rsp2
[277/818    0s] WriteText Library/Bee/artifacts/2000b0aE.dag/Unity.RenderPipelines.Core.Editor.Shared.UnityAdditionalFile.txt
[279/818    0s] WriteText Library/Bee/artifacts/2000b0aE.dag/Unity.ShaderGraph.Editor.UnityAdditionalFile.txt
[280/818    0s] WriteText Library/Bee/artifacts/2000b0aE.dag/Unity.RenderPipelines.Core.Editor.Shared.rsp2
[282/818    0s] WriteText Library/Bee/artifacts/2000b0aE.dag/Unity.RenderPipelines.Universal.2D.Runtime.rsp2
[295/818    0s] WriteText Library/Bee/artifacts/2000b0aE.dag/Unity.ShaderGraph.Utilities.rsp2
[296/818    0s] WriteText Library/Bee/artifacts/2000b0aE.dag/Unity.Burst.Editor.UnityAdditionalFile.txt
[297/818    0s] WriteResponseFile Library/Bee/artifacts/rsp/4747638433968585886.rsp
[298/818    0s] WriteText Library/Bee/artifacts/2000b0aE.dag/Unity.Settings.Editor.rsp2
[299/818    0s] WriteText Library/Bee/artifacts/2000b0aE.dag/Unity.ShaderGraph.Editor.rsp2
[300/818    0s] WriteText Library/Bee/artifacts/2000b0aE.dag/Unity.InternalAPIEngineBridge.004.rsp2
[301/818    0s] WriteText Library/Bee/artifacts/2000b0aE.dag/Unity.Settings.Editor.UnityAdditionalFile.txt
[302/818    0s] WriteText Library/Bee/artifacts/2000b0aE.dag/Unity.InternalAPIEngineBridge.004.UnityAdditionalFile.txt
[303/818    0s] WriteText Library/Bee/artifacts/2000b0aE.dag/Unity.TextMeshPro.rsp2
[304/818    0s] WriteText Library/Bee/artifacts/2000b0aE.dag/Unity.TextMeshPro.UnityAdditionalFile.txt
[305/818    0s] WriteText Library/Bee/artifacts/2000b0aE.dag/Unity.Splines.Editor.rsp2
[306/818    0s] WriteText Library/Bee/artifacts/2000b0aE.dag/Unity.InputSystem.ForUI.rsp2
[307/818    0s] WriteText Library/Bee/artifacts/2000b0aE.dag/Unity.InputSystem.ForUI.UnityAdditionalFile.txt
[308/818    0s] WriteText Library/Bee/artifacts/2000b0aE.dag/Unity.InternalAPIEditorBridge.007.rsp2
[309/818    0s] WriteText Library/Bee/artifacts/2000b0aE.dag/Unity.InternalAPIEditorBridge.007.UnityAdditionalFile.txt
[310/818    0s] WriteText Library/Bee/artifacts/2000b0aE.dag/Unity.EditorCoroutines.Editor.rsp2
[311/818    0s] WriteText Library/Bee/artifacts/2000b0aE.dag/Unity.Tutorials.rsp2
[312/818    0s] WriteText Library/Bee/artifacts/2000b0aE.dag/Unity.EditorCoroutines.Editor.UnityAdditionalFile.txt
[333/818    0s] WriteText Library/Bee/artifacts/2000b0aE.dag/Unity.Tutorials.UnityAdditionalFile.txt
[336/818    0s] WriteText Library/Bee/artifacts/2000b0aE.dag/Unity.InternalAPIEngineBridge.007.rsp2
[339/818    0s] WriteText Library/Bee/artifacts/2000b0aE.dag/Unity.InternalAPIEngineBridge.007.UnityAdditionalFile.txt
[341/818    0s] WriteText Library/Bee/artifacts/2000b0aE.dag/Unity.Multiplayer.Center.Common.rsp2
[343/818    0s] WriteText Library/Bee/artifacts/2000b0aE.dag/Unity.RenderPipelines.Universal.Editor.rsp2
[356/818    0s] WriteText Library/Bee/artifacts/2000b0aE.dag/Unity.Splines.Editor.UnityAdditionalFile.txt
[360/818    0s] WriteText Library/Bee/artifacts/2000b0aE.dag/Unity.InputSystem.ForUI.Editor.rsp2
[361/818    0s] WriteText Library/Bee/artifacts/2000b0aE.dag/Unity.Cinemachine.rsp2
[362/818    0s] WriteText Library/Bee/artifacts/2000b0aE.dag/Unity.TextMeshPro.Editor.UnityAdditionalFile.txt
[365/818    0s] WriteText Library/Bee/artifacts/2000b0aE.dag/Unity.Cinemachine.UnityAdditionalFile.txt
[366/818    0s] WriteText Library/Bee/artifacts/2000b0aE.dag/Unity.RenderPipelines.Universal.Editor.UnityAdditionalFile.txt
[368/818    0s] WriteText Library/Bee/artifacts/2000b0aE.dag/Unity.Multiplayer.Center.Common.UnityAdditionalFile.txt
[385/818    0s] WriteText Library/Bee/artifacts/2000b0aE.dag/Unity.Rendering.LightTransport.Editor.UnityAdditionalFile.txt
[386/818    0s] WriteText Library/Bee/artifacts/2000b0aE.dag/Unity.Tutorials.Editor.rsp2
[391/818    0s] WriteText Library/Bee/artifacts/2000b0aE.dag/Unity.Cinemachine.Editor.rsp2
[393/818    0s] WriteText Library/Bee/artifacts/2000b0aE.dag/Unity.RenderPipelines.Universal.Shaders.rsp2
[396/818    0s] WriteText Library/Bee/artifacts/2000b0aE.dag/Unity.Cinemachine.Editor.UnityAdditionalFile.txt
[397/818    0s] WriteText Library/Bee/artifacts/2000b0aE.dag/Unity.InputSystem.ForUI.Editor.UnityAdditionalFile.txt
[398/818    0s] WriteText Library/Bee/artifacts/2000b0aE.dag/Unity.Multiplayer.Center.Editor.UnityAdditionalFile.txt
[400/818    0s] WriteText Library/Bee/artifacts/2000b0aE.dag/Unity.TextMeshPro.Editor.rsp2
[401/818    0s] WriteText Library/Bee/artifacts/2000b0aE.dag/Unity.RenderPipelines.Core.ShaderLibrary.rsp2
[402/818    0s] WriteText Library/Bee/artifacts/2000b0aE.dag/Unity.Multiplayer.Center.Editor.rsp2
[403/818    0s] WriteText Library/Bee/artifacts/2000b0aE.dag/Unity.RenderPipelines.ShaderGraph.ShaderGraphLibrary.rsp2
[404/818    0s] WriteText Library/Bee/artifacts/2000b0aE.dag/UnityEditor.UI.Analytics.rsp2
[405/818    0s] WriteText Library/Bee/artifacts/2000b0aE.dag/Unity.RenderPipelines.Universal.2D.Editor.Overrides.UnityAdditionalFile.txt
[406/818    0s] WriteText Library/Bee/artifacts/2000b0aE.dag/Unity.Tutorials.Editor.UnityAdditionalFile.txt
[407/818    0s] WriteText Library/Bee/artifacts/2000b0aE.dag/Unity.Collections.Editor.UnityAdditionalFile.txt
[408/818    0s] WriteText Library/Bee/artifacts/2000b0aE.dag/Unity.RenderPipelines.Universal.2D.Editor.Overrides.rsp2
[409/818    0s] WriteText Library/Bee/artifacts/2000b0aE.dag/Unity.Rendering.LightTransport.Editor.rsp2
[424/818    0s] WriteText Library/Bee/artifacts/2000b0aE.dag/UnityEditor.UI.Analytics.UnityAdditionalFile.txt
[427/818    0s] WriteText Library/Bee/artifacts/2000b0aE.dag/Unity.RenderPipelines.Universal.Shaders.UnityAdditionalFile.txt
[439/818    0s] WriteText Library/Bee/artifacts/2000b0aE.dag/Unity.RenderPipelines.Core.ShaderLibrary.UnityAdditionalFile.txt
[448/818    0s] WriteText Library/Bee/artifacts/2000b0aE.dag/Unity.RenderPipelines.ShaderGraph.ShaderGraphLibrary.UnityAdditionalFile.txt
[449/818    0s] WriteText Library/Bee/artifacts/2000b0aE.dag/Unity.Collections.Editor.rsp2
[460/818    0s] WriteText Library/Bee/artifacts/2000b0aE.dag/Unity.PerformanceTesting.UnityAdditionalFile.txt
[462/818    0s] WriteText Library/Bee/artifacts/2000b0aE.dag/Unity.PerformanceTesting.rsp2
[484/818    0s] WriteText Library/Bee/artifacts/2000b0aE.dag/Assembly-CSharp.UnityAdditionalFile.txt
[486/818    0s] WriteText Library/Bee/artifacts/2000b0aE.dag/Unity.InputSystem.TestFramework.rsp2
[488/818    0s] WriteText Library/Bee/artifacts/2000b0aE.dag/Unity.InputSystem.DocCodeSamples.rsp2
[489/818    0s] WriteText Library/Bee/artifacts/2000b0aE.dag/Unity.InputSystem.TestFramework.UnityAdditionalFile.txt
[501/818    0s] WriteText Library/Bee/artifacts/2000b0aE.dag/Assembly-CSharp-Editor.UnityAdditionalFile.txt
[502/818    0s] WriteText Library/Bee/artifacts/2000b0aE.dag/Unity.PerformanceTesting.Editor.UnityAdditionalFile.txt
[503/818    0s] WriteResponseFile Library/Bee/artifacts/rsp/10746227388266335481.rsp
[504/818    0s] WriteText Library/Bee/artifacts/2000b0aE.dag/Unity.PerformanceTesting.Editor.rsp2
[505/818    0s] WriteText Library/Bee/artifacts/2000b0aE.dag/Unity.InputSystem.DocCodeSamples.UnityAdditionalFile.txt
[506/818    0s] WriteResponseFile Library/Bee/artifacts/rsp/4769955788402727329.rsp
[507/818    0s] WriteResponseFile Library/Bee/artifacts/rsp/628646688752965343.rsp
[508/818    0s] WriteResponseFile Library/Bee/artifacts/rsp/17392071123951179896.rsp
[509/818    0s] WriteResponseFile Library/Bee/artifacts/rsp/13928283897259147783.rsp
[510/818    0s] WriteResponseFile Library/Bee/artifacts/rsp/6832337476128879279.rsp
[511/818    0s] WriteResponseFile Library/Bee/artifacts/rsp/9138376835669937927.rsp
[512/818    0s] WriteResponseFile Library/Bee/artifacts/rsp/10984066652519248485.rsp
[513/818    0s] WriteResponseFile Library/Bee/artifacts/rsp/12783842955110642247.rsp
[515/818    0s] WriteResponseFile Library/Bee/artifacts/rsp/15271443967935025386.rsp
[516/818    0s] WriteResponseFile Library/Bee/artifacts/rsp/16991194940733997725.rsp
[517/818    0s] WriteResponseFile Library/Bee/artifacts/rsp/3037372816226278216.rsp
[518/818    0s] WriteResponseFile Library/Bee/artifacts/rsp/11715490268736514258.rsp
[520/818    0s] WriteResponseFile Library/Bee/artifacts/rsp/3475716020535432987.rsp
[524/818    0s] WriteResponseFile Library/Bee/artifacts/rsp/1930223300244423128.rsp
[525/818    0s] WriteResponseFile Library/Bee/artifacts/rsp/12381143614081962271.rsp
[526/818    0s] WriteResponseFile Library/Bee/artifacts/rsp/15079521624175879278.rsp
[527/818    0s] WriteResponseFile Library/Bee/artifacts/rsp/4023510387406655912.rsp
[528/818    0s] WriteResponseFile Library/Bee/artifacts/rsp/9594543228266602487.rsp
[529/818    0s] WriteResponseFile Library/Bee/artifacts/rsp/13375157831338593117.rsp
[530/818    0s] WriteResponseFile Library/Bee/artifacts/rsp/6987655401940753962.rsp
[532/818    0s] WriteResponseFile Library/Bee/artifacts/rsp/13533216416878207048.rsp
[533/818    0s] WriteResponseFile Library/Bee/artifacts/rsp/8070994851108164409.rsp
[534/818    0s] WriteResponseFile Library/Bee/artifacts/rsp/12176746820506266677.rsp
[535/818    0s] WriteResponseFile Library/Bee/artifacts/rsp/8542837875481535423.rsp
[536/818    0s] WriteResponseFile Library/Bee/artifacts/rsp/4791036871885797247.rsp
[537/818    0s] WriteResponseFile Library/Bee/artifacts/rsp/3729887623031042230.rsp
[538/818    0s] WriteResponseFile Library/Bee/artifacts/rsp/4578819986643379617.rsp
[539/818    0s] WriteResponseFile Library/Bee/artifacts/rsp/5427167397233511250.rsp
[540/818    0s] WriteResponseFile Library/Bee/artifacts/rsp/2359241780799432324.rsp
[541/818    0s] WriteResponseFile Library/Bee/artifacts/rsp/2518352977589695156.rsp
[542/818    0s] WriteResponseFile Library/Bee/artifacts/rsp/10376552923787358332.rsp
[543/818    0s] WriteResponseFile Library/Bee/artifacts/rsp/5094194044562797102.rsp
[544/818    0s] WriteResponseFile Library/Bee/artifacts/rsp/791212705379369059.rsp
[545/818    0s] WriteResponseFile Library/Bee/artifacts/rsp/12961513509507677992.rsp
[546/818    0s] WriteResponseFile Library/Bee/artifacts/rsp/12301629935973794103.rsp
[547/818    0s] WriteResponseFile Library/Bee/artifacts/rsp/1153222045816729849.rsp
[548/818    0s] WriteResponseFile Library/Bee/artifacts/rsp/16564247277992918903.rsp
[549/818    0s] WriteResponseFile Library/Bee/artifacts/rsp/824325228852188387.rsp
[550/818    0s] WriteResponseFile Library/Bee/artifacts/rsp/6675480975834226854.rsp
[551/818    0s] WriteResponseFile Library/Bee/artifacts/rsp/8824286945966794202.rsp
[552/818    0s] WriteResponseFile Library/Bee/artifacts/rsp/5622266516000910904.rsp
[553/818    0s] WriteResponseFile Library/Bee/artifacts/rsp/1317364399733402406.rsp
[554/818    0s] WriteResponseFile Library/Bee/artifacts/rsp/16148781348983234511.rsp
[555/818    0s] WriteResponseFile Library/Bee/artifacts/rsp/7668679593555154362.rsp
[556/818    0s] WriteResponseFile Library/Bee/artifacts/rsp/6457005144287950908.rsp
[557/818    0s] WriteResponseFile Library/Bee/artifacts/rsp/840309507370113454.rsp
[558/818    0s] WriteResponseFile Library/Bee/artifacts/rsp/13069972837483359549.rsp
[559/818    0s] WriteResponseFile Library/Bee/artifacts/rsp/15138774623803097380.rsp
[568/818    0s] WriteResponseFile Library/Bee/artifacts/rsp/15569745926999849003.rsp
[569/818    0s] WriteResponseFile Library/Bee/artifacts/rsp/11140943964227900195.rsp
[570/818    0s] WriteResponseFile Library/Bee/artifacts/rsp/1579935477863604384.rsp
[571/818    0s] WriteResponseFile Library/Bee/artifacts/rsp/5768164899142938987.rsp
[572/818    0s] WriteResponseFile Library/Bee/artifacts/rsp/13821562750565263257.rsp
[573/818    0s] WriteResponseFile Library/Bee/artifacts/rsp/10017656952941242526.rsp
[574/818    0s] WriteResponseFile Library/Bee/artifacts/rsp/3783833537839674236.rsp
[575/818    0s] WriteResponseFile Library/Bee/artifacts/rsp/1626365193864338622.rsp
[646/818    1s] ILPP-Configuration Library/ilpp-configuration.nevergeneratedoutput
[647/818    0s] ILPostProcess Library/Bee/artifacts/2000b0aE.dag/post-processed/Unity.RenderPipelines.Universal.Config.Runtime.dll (+pdb)
Processing assembly Library/Bee/artifacts/2000b0aE.dag/Unity.RenderPipelines.Universal.Config.Runtime.dll, with 117 defines and 282 references

processors: Unity.Jobs.CodeGen.JobsILPostProcessor, zzzUnity.Burst.CodeGen.BurstILPostProcessor

running Unity.Jobs.CodeGen.JobsILPostProcessor

running zzzUnity.Burst.CodeGen.BurstILPostProcessor
[648/818    0s] ILPostProcess Library/Bee/artifacts/2000b0aE.dag/post-processed/Unity.Mathematics.dll (+pdb)
Processing assembly Library/Bee/artifacts/2000b0aE.dag/Unity.Mathematics.dll, with 117 defines and 281 references

processors: Unity.Jobs.CodeGen.JobsILPostProcessor, zzzUnity.Burst.CodeGen.BurstILPostProcessor

running Unity.Jobs.CodeGen.JobsILPostProcessor

running zzzUnity.Burst.CodeGen.BurstILPostProcessor
[649/818    0s] ILPostProcess Library/Bee/artifacts/2000b0aE.dag/post-processed/Unity.InternalAPIEngineBridge.RenderPipelines.Core.Runtime.Shared.dll (+pdb)
Processing assembly Library/Bee/artifacts/2000b0aE.dag/Unity.InternalAPIEngineBridge.RenderPipelines.Core.Runtime.Shared.dll, with 117 defines and 281 references

processors: Unity.Jobs.CodeGen.JobsILPostProcessor, zzzUnity.Burst.CodeGen.BurstILPostProcessor

running Unity.Jobs.CodeGen.JobsILPostProcessor

running zzzUnity.Burst.CodeGen.BurstILPostProcessor
[650/818    0s] ILPostProcess Library/Bee/artifacts/2000b0aE.dag/post-processed/Unity.InternalAPIEngineBridge.004.dll (+pdb)
Processing assembly Library/Bee/artifacts/2000b0aE.dag/Unity.InternalAPIEngineBridge.004.dll, with 117 defines and 281 references

processors: Unity.Jobs.CodeGen.JobsILPostProcessor, zzzUnity.Burst.CodeGen.BurstILPostProcessor

running Unity.Jobs.CodeGen.JobsILPostProcessor

running zzzUnity.Burst.CodeGen.BurstILPostProcessor
[651/818    0s] ILPostProcess Library/Bee/artifacts/2000b0aE.dag/post-processed/Unity.RenderPipelines.Universal.Shaders.dll (+pdb)
Processing assembly Library/Bee/artifacts/2000b0aE.dag/Unity.RenderPipelines.Universal.Shaders.dll, with 117 defines and 281 references

processors: Unity.Jobs.CodeGen.JobsILPostProcessor, zzzUnity.Burst.CodeGen.BurstILPostProcessor

running Unity.Jobs.CodeGen.JobsILPostProcessor

running zzzUnity.Burst.CodeGen.BurstILPostProcessor
[652/818    0s] ILPostProcess Library/Bee/artifacts/2000b0aE.dag/post-processed/Unity.RenderPipelines.ShaderGraph.ShaderGraphLibrary.dll (+pdb)
Processing assembly Library/Bee/artifacts/2000b0aE.dag/Unity.RenderPipelines.ShaderGraph.ShaderGraphLibrary.dll, with 117 defines and 281 references

processors: Unity.Jobs.CodeGen.JobsILPostProcessor, zzzUnity.Burst.CodeGen.BurstILPostProcessor

running Unity.Jobs.CodeGen.JobsILPostProcessor

running zzzUnity.Burst.CodeGen.BurstILPostProcessor
[653/818    1s] ILPostProcess Library/Bee/artifacts/2000b0aE.dag/post-processed/Unity.InputSystem.ForUI.dll (+pdb)
Processing assembly Library/Bee/artifacts/2000b0aE.dag/Unity.InputSystem.ForUI.dll, with 117 defines and 282 references

processors: Unity.Jobs.CodeGen.JobsILPostProcessor, zzzUnity.Burst.CodeGen.BurstILPostProcessor

running Unity.Jobs.CodeGen.JobsILPostProcessor

running zzzUnity.Burst.CodeGen.BurstILPostProcessor
[654/818    3s] ILPostProcess Library/Bee/artifacts/2000b0aE.dag/post-processed/Unity.TextMeshPro.dll (+pdb)
Processing assembly Library/Bee/artifacts/2000b0aE.dag/Unity.TextMeshPro.dll, with 118 defines and 282 references

processors: Unity.Jobs.CodeGen.JobsILPostProcessor, zzzUnity.Burst.CodeGen.BurstILPostProcessor

running Unity.Jobs.CodeGen.JobsILPostProcessor

running zzzUnity.Burst.CodeGen.BurstILPostProcessor
[655/818    2s] ILPostProcess Library/Bee/artifacts/2000b0aE.dag/post-processed/Unity.RenderPipeline.Universal.ShaderLibrary.dll (+pdb)
Processing assembly Library/Bee/artifacts/2000b0aE.dag/Unity.RenderPipeline.Universal.ShaderLibrary.dll, with 117 defines and 282 references

processors: Unity.Jobs.CodeGen.JobsILPostProcessor, zzzUnity.Burst.CodeGen.BurstILPostProcessor

running Unity.Jobs.CodeGen.JobsILPostProcessor

running zzzUnity.Burst.CodeGen.BurstILPostProcessor
[656/818    3s] ILPostProcess Library/Bee/artifacts/2000b0aE.dag/post-processed/UnityEngine.UI.dll (+pdb)
Processing assembly Library/Bee/artifacts/2000b0aE.dag/UnityEngine.UI.dll, with 123 defines and 279 references

processors: Unity.Jobs.CodeGen.JobsILPostProcessor, zzzUnity.Burst.CodeGen.BurstILPostProcessor

running Unity.Jobs.CodeGen.JobsILPostProcessor

running zzzUnity.Burst.CodeGen.BurstILPostProcessor
[657/818    2s] ILPostProcess Library/Bee/artifacts/2000b0aE.dag/post-processed/Unity.Tutorials.dll (+pdb)
Processing assembly Library/Bee/artifacts/2000b0aE.dag/Unity.Tutorials.dll, with 117 defines and 281 references

processors: Unity.Jobs.CodeGen.JobsILPostProcessor, zzzUnity.Burst.CodeGen.BurstILPostProcessor

running Unity.Jobs.CodeGen.JobsILPostProcessor

running zzzUnity.Burst.CodeGen.BurstILPostProcessor
[658/818    2s] ILPostProcess Library/Bee/artifacts/2000b0aE.dag/post-processed/Unity.RenderPipelines.Core.ShaderLibrary.dll (+pdb)
Processing assembly Library/Bee/artifacts/2000b0aE.dag/Unity.RenderPipelines.Core.ShaderLibrary.dll, with 117 defines and 281 references

processors: Unity.Jobs.CodeGen.JobsILPostProcessor, zzzUnity.Burst.CodeGen.BurstILPostProcessor

running Unity.Jobs.CodeGen.JobsILPostProcessor

running zzzUnity.Burst.CodeGen.BurstILPostProcessor
[659/818    3s] ILPostProcess Library/Bee/artifacts/2000b0aE.dag/post-processed/Unity.UnifiedRayTracing.Runtime.dll (+pdb)
Processing assembly Library/Bee/artifacts/2000b0aE.dag/Unity.UnifiedRayTracing.Runtime.dll, with 118 defines and 284 references

processors: Unity.Jobs.CodeGen.JobsILPostProcessor, zzzUnity.Burst.CodeGen.BurstILPostProcessor

running Unity.Jobs.CodeGen.JobsILPostProcessor

running zzzUnity.Burst.CodeGen.BurstILPostProcessor
[660/818    4s] ILPostProcess Library/Bee/artifacts/2000b0aE.dag/post-processed/Unity.RenderPipelines.Universal.Runtime.dll (+pdb)
Processing assembly Library/Bee/artifacts/2000b0aE.dag/Unity.RenderPipelines.Universal.Runtime.dll, with 123 defines and 291 references

processors: Unity.Jobs.CodeGen.JobsILPostProcessor, zzzUnity.Burst.CodeGen.BurstILPostProcessor

running Unity.Jobs.CodeGen.JobsILPostProcessor

running zzzUnity.Burst.CodeGen.BurstILPostProcessor
[661/818    3s] ILPostProcess Library/Bee/artifacts/2000b0aE.dag/post-processed/Unity.RenderPipelines.Core.Runtime.dll (+pdb)
Processing assembly Library/Bee/artifacts/2000b0aE.dag/Unity.RenderPipelines.Core.Runtime.dll, with 121 defines and 285 references

processors: Unity.Jobs.CodeGen.JobsILPostProcessor, zzzUnity.Burst.CodeGen.BurstILPostProcessor

running Unity.Jobs.CodeGen.JobsILPostProcessor

running zzzUnity.Burst.CodeGen.BurstILPostProcessor
[662/818    0s] ILPostProcess Library/Bee/artifacts/2000b0aE.dag/post-processed/Unity.InputSystem.TestFramework.dll (+pdb)
Processing assembly Library/Bee/artifacts/2000b0aE.dag/Unity.InputSystem.TestFramework.dll, with 119 defines and 279 references

processors: Unity.Jobs.CodeGen.JobsILPostProcessor, zzzUnity.Burst.CodeGen.BurstILPostProcessor

running Unity.Jobs.CodeGen.JobsILPostProcessor

running zzzUnity.Burst.CodeGen.BurstILPostProcessor
[663/818    3s] ILPostProcess Library/Bee/artifacts/2000b0aE.dag/post-processed/Unity.InputSystem.dll (+pdb)
Processing assembly Library/Bee/artifacts/2000b0aE.dag/Unity.InputSystem.dll, with 130 defines and 281 references

processors: Unity.Jobs.CodeGen.JobsILPostProcessor, zzzUnity.Burst.CodeGen.BurstILPostProcessor

running Unity.Jobs.CodeGen.JobsILPostProcessor

running zzzUnity.Burst.CodeGen.BurstILPostProcessor
[664/818    0s] ILPostProcess Library/Bee/artifacts/2000b0aE.dag/post-processed/Unity.Cinemachine.dll (+pdb)
Processing assembly Library/Bee/artifacts/2000b0aE.dag/Unity.Cinemachine.dll, with 126 defines and 287 references

processors: Unity.Jobs.CodeGen.JobsILPostProcessor, zzzUnity.Burst.CodeGen.BurstILPostProcessor

running Unity.Jobs.CodeGen.JobsILPostProcessor

running zzzUnity.Burst.CodeGen.BurstILPostProcessor
[665/818    4s] ILPostProcess Library/Bee/artifacts/2000b0aE.dag/post-processed/Unity.Collections.dll (+pdb)
Processing assembly Library/Bee/artifacts/2000b0aE.dag/Unity.Collections.dll, with 119 defines and 283 references

processors: Unity.Jobs.CodeGen.JobsILPostProcessor, zzzUnity.Burst.CodeGen.BurstILPostProcessor

running Unity.Jobs.CodeGen.JobsILPostProcessor

running zzzUnity.Burst.CodeGen.BurstILPostProcessor
[666/818    3s] ILPostProcess Library/Bee/artifacts/2000b0aE.dag/post-processed/Unity.RenderPipelines.Universal.2D.Runtime.dll (+pdb)
Processing assembly Library/Bee/artifacts/2000b0aE.dag/Unity.RenderPipelines.Universal.2D.Runtime.dll, with 119 defines and 286 references

processors: Unity.Jobs.CodeGen.JobsILPostProcessor, zzzUnity.Burst.CodeGen.BurstILPostProcessor

running Unity.Jobs.CodeGen.JobsILPostProcessor

running zzzUnity.Burst.CodeGen.BurstILPostProcessor
[667/818    3s] ILPostProcess Library/Bee/artifacts/2000b0aE.dag/post-processed/Unity.RenderPipelines.GPUDriven.Runtime.dll (+pdb)
Processing assembly Library/Bee/artifacts/2000b0aE.dag/Unity.RenderPipelines.GPUDriven.Runtime.dll, with 117 defines and 285 references

processors: Unity.Jobs.CodeGen.JobsILPostProcessor, zzzUnity.Burst.CodeGen.BurstILPostProcessor

running Unity.Jobs.CodeGen.JobsILPostProcessor

running zzzUnity.Burst.CodeGen.BurstILPostProcessor
[668/818    1s] ILPostProcess Library/Bee/artifacts/2000b0aE.dag/post-processed/Unity.PerformanceTesting.dll (+pdb)
Processing assembly Library/Bee/artifacts/2000b0aE.dag/Unity.PerformanceTesting.dll, with 118 defines and 277 references

processors: Unity.Jobs.CodeGen.JobsILPostProcessor, zzzUnity.Burst.CodeGen.BurstILPostProcessor

running Unity.Jobs.CodeGen.JobsILPostProcessor

running zzzUnity.Burst.CodeGen.BurstILPostProcessor
[669/818    1s] ILPostProcess Library/Bee/artifacts/2000b0aE.dag/post-processed/Assembly-CSharp.dll (+pdb)
Processing assembly Library/Bee/artifacts/2000b0aE.dag/Assembly-CSharp.dll, with 117 defines and 326 references

processors: Unity.Jobs.CodeGen.JobsILPostProcessor, zzzUnity.Burst.CodeGen.BurstILPostProcessor

running Unity.Jobs.CodeGen.JobsILPostProcessor

running zzzUnity.Burst.CodeGen.BurstILPostProcessor
[670/818    1s] ILPostProcess Library/Bee/artifacts/2000b0aE.dag/post-processed/Unity.Multiplayer.Center.Common.dll (+pdb)
Processing assembly Library/Bee/artifacts/2000b0aE.dag/Unity.Multiplayer.Center.Common.dll, with 117 defines and 281 references

processors: Unity.Jobs.CodeGen.JobsILPostProcessor, zzzUnity.Burst.CodeGen.BurstILPostProcessor

running Unity.Jobs.CodeGen.JobsILPostProcessor

running zzzUnity.Burst.CodeGen.BurstILPostProcessor
[671/818    1s] ILPostProcess Library/Bee/artifacts/2000b0aE.dag/post-processed/Unity.SurfaceCache.Runtime.dll (+pdb)
Processing assembly Library/Bee/artifacts/2000b0aE.dag/Unity.SurfaceCache.Runtime.dll, with 117 defines and 285 references

processors: Unity.Jobs.CodeGen.JobsILPostProcessor, zzzUnity.Burst.CodeGen.BurstILPostProcessor

running Unity.Jobs.CodeGen.JobsILPostProcessor

running zzzUnity.Burst.CodeGen.BurstILPostProcessor
[672/818    1s] ILPostProcess Library/Bee/artifacts/2000b0aE.dag/post-processed/Unity.RenderPipelines.Core.Runtime.Shared.dll (+pdb)
Processing assembly Library/Bee/artifacts/2000b0aE.dag/Unity.RenderPipelines.Core.Runtime.Shared.dll, with 117 defines and 284 references

processors: Unity.Jobs.CodeGen.JobsILPostProcessor, zzzUnity.Burst.CodeGen.BurstILPostProcessor

running Unity.Jobs.CodeGen.JobsILPostProcessor

running zzzUnity.Burst.CodeGen.BurstILPostProcessor
[673/818    1s] ILPostProcess Library/Bee/artifacts/2000b0aE.dag/post-processed/Unity.Splines.dll (+pdb)
Processing assembly Library/Bee/artifacts/2000b0aE.dag/Unity.Splines.dll, with 119 defines and 283 references

processors: Unity.Jobs.CodeGen.JobsILPostProcessor, zzzUnity.Burst.CodeGen.BurstILPostProcessor

running Unity.Jobs.CodeGen.JobsILPostProcessor

running zzzUnity.Burst.CodeGen.BurstILPostProcessor
[674/818    1s] ILPostProcess Library/Bee/artifacts/2000b0aE.dag/post-processed/Unity.Burst.dll (+pdb)
Processing assembly Library/Bee/artifacts/2000b0aE.dag/Unity.Burst.dll, with 117 defines and 279 references

processors: Unity.Jobs.CodeGen.JobsILPostProcessor, zzzUnity.Burst.CodeGen.BurstILPostProcessor

running Unity.Jobs.CodeGen.JobsILPostProcessor

running zzzUnity.Burst.CodeGen.BurstILPostProcessor
[675/818    1s] ILPostProcess Library/Bee/artifacts/2000b0aE.dag/post-processed/Unity.PerformanceTesting.Editor.dll (+pdb)
Processing assembly Library/Bee/artifacts/2000b0aE.dag/Unity.PerformanceTesting.Editor.dll, with 116 defines and 293 references

processors: Unity.Jobs.CodeGen.JobsILPostProcessor, zzzUnity.Burst.CodeGen.BurstILPostProcessor

running Unity.Jobs.CodeGen.JobsILPostProcessor

running zzzUnity.Burst.CodeGen.BurstILPostProcessor
[676/818    0s] ILPostProcess Library/Bee/artifacts/2000b0aE.dag/post-processed/Unity.InternalAPIEditorBridge.ShaderGraph.Editor.dll (+pdb)
Processing assembly Library/Bee/artifacts/2000b0aE.dag/Unity.InternalAPIEditorBridge.ShaderGraph.Editor.dll, with 115 defines and 295 references

processors: Unity.Jobs.CodeGen.JobsILPostProcessor, zzzUnity.Burst.CodeGen.BurstILPostProcessor

running Unity.Jobs.CodeGen.JobsILPostProcessor

running zzzUnity.Burst.CodeGen.BurstILPostProcessor
[677/818    0s] ILPostProcess Library/Bee/artifacts/2000b0aE.dag/post-processed/UnityEditor.UI.Analytics.dll (+pdb)
Processing assembly Library/Bee/artifacts/2000b0aE.dag/UnityEditor.UI.Analytics.dll, with 115 defines and 296 references

processors: Unity.Jobs.CodeGen.JobsILPostProcessor, zzzUnity.Burst.CodeGen.BurstILPostProcessor

running Unity.Jobs.CodeGen.JobsILPostProcessor

running zzzUnity.Burst.CodeGen.BurstILPostProcessor
[678/818    0s] ILPostProcess Library/Bee/artifacts/2000b0aE.dag/post-processed/Unity.InternalAPIEngineBridge.RenderPipelines.Core.Editor.dll (+pdb)
Processing assembly Library/Bee/artifacts/2000b0aE.dag/Unity.InternalAPIEngineBridge.RenderPipelines.Core.Editor.dll, with 115 defines and 295 references

processors: Unity.Jobs.CodeGen.JobsILPostProcessor, zzzUnity.Burst.CodeGen.BurstILPostProcessor

running Unity.Jobs.CodeGen.JobsILPostProcessor

running zzzUnity.Burst.CodeGen.BurstILPostProcessor
[679/818    0s] ILPostProcess Library/Bee/artifacts/2000b0aE.dag/post-processed/Unity.InternalAPIEngineBridge.007.dll (+pdb)
Processing assembly Library/Bee/artifacts/2000b0aE.dag/Unity.InternalAPIEngineBridge.007.dll, with 115 defines and 295 references

processors: Unity.Jobs.CodeGen.JobsILPostProcessor, zzzUnity.Burst.CodeGen.BurstILPostProcessor

running Unity.Jobs.CodeGen.JobsILPostProcessor

running zzzUnity.Burst.CodeGen.BurstILPostProcessor
[680/818    2s] ILPostProcess Library/Bee/artifacts/2000b0aE.dag/post-processed/Unity.Collections.Editor.dll (+pdb)
Processing assembly Library/Bee/artifacts/2000b0aE.dag/Unity.Collections.Editor.dll, with 116 defines and 296 references

processors: Unity.Jobs.CodeGen.JobsILPostProcessor, zzzUnity.Burst.CodeGen.BurstILPostProcessor

running Unity.Jobs.CodeGen.JobsILPostProcessor

running zzzUnity.Burst.CodeGen.BurstILPostProcessor
[681/818    2s] ILPostProcess Library/Bee/artifacts/2000b0aE.dag/post-processed/Unity.InputSystem.ForUI.Editor.dll (+pdb)
Processing assembly Library/Bee/artifacts/2000b0aE.dag/Unity.InputSystem.ForUI.Editor.dll, with 115 defines and 297 references

processors: Unity.Jobs.CodeGen.JobsILPostProcessor, zzzUnity.Burst.CodeGen.BurstILPostProcessor

running Unity.Jobs.CodeGen.JobsILPostProcessor

running zzzUnity.Burst.CodeGen.BurstILPostProcessor
[682/818    4s] ILPostProcess Library/Bee/artifacts/2000b0aE.dag/post-processed/Unity.PathTracing.Runtime.dll (+pdb)
Processing assembly Library/Bee/artifacts/2000b0aE.dag/Unity.PathTracing.Runtime.dll, with 118 defines and 285 references

processors: Unity.Jobs.CodeGen.JobsILPostProcessor, zzzUnity.Burst.CodeGen.BurstILPostProcessor

running Unity.Jobs.CodeGen.JobsILPostProcessor

running zzzUnity.Burst.CodeGen.BurstILPostProcessor
[683/818    2s] ILPostProcess Library/Bee/artifacts/2000b0aE.dag/post-processed/Unity.RenderPipelines.Core.Editor.Shared.dll (+pdb)
Processing assembly Library/Bee/artifacts/2000b0aE.dag/Unity.RenderPipelines.Core.Editor.Shared.dll, with 115 defines and 302 references

processors: Unity.Jobs.CodeGen.JobsILPostProcessor, zzzUnity.Burst.CodeGen.BurstILPostProcessor

running Unity.Jobs.CodeGen.JobsILPostProcessor

running zzzUnity.Burst.CodeGen.BurstILPostProcessor
[684/818    2s] ILPostProcess Library/Bee/artifacts/2000b0aE.dag/post-processed/Unity.InternalAPIEditorBridge.007.dll (+pdb)
Processing assembly Library/Bee/artifacts/2000b0aE.dag/Unity.InternalAPIEditorBridge.007.dll, with 115 defines and 295 references

processors: Unity.Jobs.CodeGen.JobsILPostProcessor, zzzUnity.Burst.CodeGen.BurstILPostProcessor

running Unity.Jobs.CodeGen.JobsILPostProcessor

running zzzUnity.Burst.CodeGen.BurstILPostProcessor
[685/818    2s] ILPostProcess Library/Bee/artifacts/2000b0aE.dag/post-processed/Unity.Searcher.Editor.dll (+pdb)
Processing assembly Library/Bee/artifacts/2000b0aE.dag/Unity.Searcher.Editor.dll, with 115 defines and 295 references

processors: Unity.Jobs.CodeGen.JobsILPostProcessor, zzzUnity.Burst.CodeGen.BurstILPostProcessor

running Unity.Jobs.CodeGen.JobsILPostProcessor

running zzzUnity.Burst.CodeGen.BurstILPostProcessor
[686/818    1s] ILPostProcess Library/Bee/artifacts/2000b0aE.dag/post-processed/Unity.Multiplayer.Center.Editor.dll (+pdb)
Processing assembly Library/Bee/artifacts/2000b0aE.dag/Unity.Multiplayer.Center.Editor.dll, with 115 defines and 296 references

processors: Unity.Jobs.CodeGen.JobsILPostProcessor, zzzUnity.Burst.CodeGen.BurstILPostProcessor

running Unity.Jobs.CodeGen.JobsILPostProcessor

running zzzUnity.Burst.CodeGen.BurstILPostProcessor
[687/818    3s] ILPostProcess Library/Bee/artifacts/2000b0aE.dag/post-processed/UnityEditor.UI.dll (+pdb)
Processing assembly Library/Bee/artifacts/2000b0aE.dag/UnityEditor.UI.dll, with 118 defines and 294 references

processors: Unity.Jobs.CodeGen.JobsILPostProcessor, zzzUnity.Burst.CodeGen.BurstILPostProcessor

running Unity.Jobs.CodeGen.JobsILPostProcessor

running zzzUnity.Burst.CodeGen.BurstILPostProcessor
[688/818    3s] ILPostProcess Library/Bee/artifacts/2000b0aE.dag/post-processed/Unity.Cinemachine.Editor.dll (+pdb)
Processing assembly Library/Bee/artifacts/2000b0aE.dag/Unity.Cinemachine.Editor.dll, with 122 defines and 304 references

processors: Unity.Jobs.CodeGen.JobsILPostProcessor, zzzUnity.Burst.CodeGen.BurstILPostProcessor

running Unity.Jobs.CodeGen.JobsILPostProcessor

running zzzUnity.Burst.CodeGen.BurstILPostProcessor
[689/818    3s] ILPostProcess Library/Bee/artifacts/2000b0aE.dag/post-processed/Unity.ShaderGraph.Editor.dll (+pdb)
Processing assembly Library/Bee/artifacts/2000b0aE.dag/Unity.ShaderGraph.Editor.dll, with 115 defines and 300 references

processors: Unity.Jobs.CodeGen.JobsILPostProcessor, zzzUnity.Burst.CodeGen.BurstILPostProcessor

running Unity.Jobs.CodeGen.JobsILPostProcessor

running zzzUnity.Burst.CodeGen.BurstILPostProcessor
[690/818    0s] ILPostProcess Library/Bee/artifacts/2000b0aE.dag/post-processed/Unity.Rendering.LightTransport.Editor.dll (+pdb)
Processing assembly Library/Bee/artifacts/2000b0aE.dag/Unity.Rendering.LightTransport.Editor.dll, with 115 defines and 295 references

processors: Unity.Jobs.CodeGen.JobsILPostProcessor, zzzUnity.Burst.CodeGen.BurstILPostProcessor

running Unity.Jobs.CodeGen.JobsILPostProcessor

running zzzUnity.Burst.CodeGen.BurstILPostProcessor
[691/818    3s] ILPostProcess Library/Bee/artifacts/2000b0aE.dag/post-processed/Unity.RenderPipelines.Universal.2D.Editor.Overrides.dll (+pdb)
Processing assembly Library/Bee/artifacts/2000b0aE.dag/Unity.RenderPipelines.Universal.2D.Editor.Overrides.dll, with 116 defines and 304 references

processors: Unity.Jobs.CodeGen.JobsILPostProcessor, zzzUnity.Burst.CodeGen.BurstILPostProcessor

running Unity.Jobs.CodeGen.JobsILPostProcessor

running zzzUnity.Burst.CodeGen.BurstILPostProcessor
[692/818    4s] ILPostProcess Library/Bee/artifacts/2000b0aE.dag/post-processed/Unity.TextMeshPro.Editor.dll (+pdb)
Processing assembly Library/Bee/artifacts/2000b0aE.dag/Unity.TextMeshPro.Editor.dll, with 115 defines and 297 references

processors: Unity.Jobs.CodeGen.JobsILPostProcessor, zzzUnity.Burst.CodeGen.BurstILPostProcessor

running Unity.Jobs.CodeGen.JobsILPostProcessor

running zzzUnity.Burst.CodeGen.BurstILPostProcessor
[693/818    3s] ILPostProcess Library/Bee/artifacts/2000b0aE.dag/post-processed/Unity.Settings.Editor.dll (+pdb)
Processing assembly Library/Bee/artifacts/2000b0aE.dag/Unity.Settings.Editor.dll, with 115 defines and 295 references

processors: Unity.Jobs.CodeGen.JobsILPostProcessor, zzzUnity.Burst.CodeGen.BurstILPostProcessor

running Unity.Jobs.CodeGen.JobsILPostProcessor

running zzzUnity.Burst.CodeGen.BurstILPostProcessor
[694/818    3s] ILPostProcess Library/Bee/artifacts/2000b0aE.dag/post-processed/Unity.EditorCoroutines.Editor.dll (+pdb)
Processing assembly Library/Bee/artifacts/2000b0aE.dag/Unity.EditorCoroutines.Editor.dll, with 115 defines and 295 references

processors: Unity.Jobs.CodeGen.JobsILPostProcessor, zzzUnity.Burst.CodeGen.BurstILPostProcessor

running Unity.Jobs.CodeGen.JobsILPostProcessor

running zzzUnity.Burst.CodeGen.BurstILPostProcessor
[695/818    3s] ILPostProcess Library/Bee/artifacts/2000b0aE.dag/post-processed/Assembly-CSharp-Editor.dll (+pdb)
Processing assembly Library/Bee/artifacts/2000b0aE.dag/Assembly-CSharp-Editor.dll, with 115 defines and 344 references

processors: Unity.Jobs.CodeGen.JobsILPostProcessor, zzzUnity.Burst.CodeGen.BurstILPostProcessor

running Unity.Jobs.CodeGen.JobsILPostProcessor

running zzzUnity.Burst.CodeGen.BurstILPostProcessor
[696/818    3s] ILPostProcess Library/Bee/artifacts/2000b0aE.dag/post-processed/Unity.Splines.Editor.dll (+pdb)
Processing assembly Library/Bee/artifacts/2000b0aE.dag/Unity.Splines.Editor.dll, with 115 defines and 298 references

processors: Unity.Jobs.CodeGen.JobsILPostProcessor, zzzUnity.Burst.CodeGen.BurstILPostProcessor

running Unity.Jobs.CodeGen.JobsILPostProcessor

running zzzUnity.Burst.CodeGen.BurstILPostProcessor
[730/818    3s] ILPostProcess Library/Bee/artifacts/2000b0aE.dag/post-processed/Unity.PathTracing.Editor.dll (+pdb)
Processing assembly Library/Bee/artifacts/2000b0aE.dag/Unity.PathTracing.Editor.dll, with 116 defines and 299 references

processors: Unity.Jobs.CodeGen.JobsILPostProcessor, zzzUnity.Burst.CodeGen.BurstILPostProcessor

running Unity.Jobs.CodeGen.JobsILPostProcessor

running zzzUnity.Burst.CodeGen.BurstILPostProcessor
[731/818    3s] ILPostProcess Library/Bee/artifacts/2000b0aE.dag/post-processed/Unity.Tutorials.Editor.dll (+pdb)
Processing assembly Library/Bee/artifacts/2000b0aE.dag/Unity.Tutorials.Editor.dll, with 115 defines and 300 references

processors: Unity.Jobs.CodeGen.JobsILPostProcessor, zzzUnity.Burst.CodeGen.BurstILPostProcessor

running Unity.Jobs.CodeGen.JobsILPostProcessor

running zzzUnity.Burst.CodeGen.BurstILPostProcessor
[732/818    3s] ILPostProcess Library/Bee/artifacts/2000b0aE.dag/post-processed/Unity.RenderPipelines.Universal.Editor.dll (+pdb)
Processing assembly Library/Bee/artifacts/2000b0aE.dag/Unity.RenderPipelines.Universal.Editor.dll, with 117 defines and 308 references

processors: Unity.Jobs.CodeGen.JobsILPostProcessor, zzzUnity.Burst.CodeGen.BurstILPostProcessor

running Unity.Jobs.CodeGen.JobsILPostProcessor

running zzzUnity.Burst.CodeGen.BurstILPostProcessor
[733/818    3s] ILPostProcess Library/Bee/artifacts/2000b0aE.dag/post-processed/Unity.Burst.Editor.dll (+pdb)
Processing assembly Library/Bee/artifacts/2000b0aE.dag/Unity.Burst.Editor.dll, with 115 defines and 296 references

processors: Unity.Jobs.CodeGen.JobsILPostProcessor, zzzUnity.Burst.CodeGen.BurstILPostProcessor

running Unity.Jobs.CodeGen.JobsILPostProcessor

running zzzUnity.Burst.CodeGen.BurstILPostProcessor
[736/818    2s] ILPostProcess Library/Bee/artifacts/2000b0aE.dag/post-processed/Unity.InputSystem.DocCodeSamples.dll (+pdb)
Processing assembly Library/Bee/artifacts/2000b0aE.dag/Unity.InputSystem.DocCodeSamples.dll, with 115 defines and 293 references

processors: Unity.Jobs.CodeGen.JobsILPostProcessor, zzzUnity.Burst.CodeGen.BurstILPostProcessor

running Unity.Jobs.CodeGen.JobsILPostProcessor

running zzzUnity.Burst.CodeGen.BurstILPostProcessor
[804/818    0s] ILPostProcess Library/Bee/artifacts/2000b0aE.dag/post-processed/Unity.ShaderGraph.Utilities.dll (+pdb)
Processing assembly Library/Bee/artifacts/2000b0aE.dag/Unity.ShaderGraph.Utilities.dll, with 115 defines and 295 references

processors: Unity.Jobs.CodeGen.JobsILPostProcessor, zzzUnity.Burst.CodeGen.BurstILPostProcessor

running Unity.Jobs.CodeGen.JobsILPostProcessor

running zzzUnity.Burst.CodeGen.BurstILPostProcessor
[812/818    5s] ILPostProcess Library/Bee/artifacts/2000b0aE.dag/post-processed/Unity.RenderPipelines.Core.Editor.dll (+pdb)
Processing assembly Library/Bee/artifacts/2000b0aE.dag/Unity.RenderPipelines.Core.Editor.dll, with 118 defines and 304 references

processors: Unity.Jobs.CodeGen.JobsILPostProcessor, zzzUnity.Burst.CodeGen.BurstILPostProcessor

running Unity.Jobs.CodeGen.JobsILPostProcessor

running zzzUnity.Burst.CodeGen.BurstILPostProcessor
*** Tundra build success (14.47 seconds), 236 items updated, 818 evaluated
AssetDatabase: script compilation time: 35.084353s
Begin MonoManager ReloadAssembly
Assembly reference Packages/com.unity.cinemachine/Editor/Samples/ExposeHDRPInternals/HDRP-Editor-ref.asmref has no target assembly definition
'Packages/com.unity.cinemachine/Editor/Editors/CinemachineVirtualCameraBaseEditor.cs' contains partial class of Unity.Object, exactly 1 of the partial classes needs to be in a file with the same filename. This is to know the one that can be referenced from ie. GameObjects
'Packages/com.unity.cinemachine/Editor/Obsolete/CinemachineVirtualCameraBaseEditor.cs' contains partial class of Unity.Object, exactly 1 of the partial classes needs to be in a file with the same filename. This is to know the one that can be referenced from ie. GameObjects
Refreshing native plugins compatible for Editor in 7.53 ms, found 0 plugins.
Native extension for WindowsStandalone target not found
Native extension for WebGL target not found
ScheduleIndexationOnStartup MainProcess:True IndexOnStartup:True
Mono: successfully reloaded assembly
- Finished resetting the current domain, in  5.383 seconds
Domain Reload Profiling: 7454ms
	BeginReloadAssembly (442ms)
		DisableScriptedObjects (35ms)
		CreateAndSetChildDomain (195ms)
	RebuildCommonClasses (11ms)
	RebuildNativeTypeToScriptingClass (21ms)
	initialDomainReloadingComplete (54ms)
	LoadAllAssembliesAndSetupDomain (1539ms)
		LoadAssemblies (1350ms)
		AnalyzeDomain (182ms)
			TypeCache.Refresh (124ms)
				TypeCache.ScanAssembly (114ms)
			BuildScriptInfoCaches (46ms)
			ResolveRequiredComponents (9ms)
	FinalizeReload (5386ms)
		SetupLoadedEditorAssemblies (0ms)
			BeforeProcessingInitializeOnLoad (115ms)
			ProcessInitializeOnLoadAttributes (3195ms)
			ProcessInitializeOnLoadMethodAttributes (342ms)
			AfterProcessingInitializeOnLoad (3ms)
		AwakeInstancesAfterBackupRestoration (101ms)
Starting new worker id: 0 with log in E:/Unity/Test/Logs/AssetImportWorkerHW0.log

Asset Pipeline Refresh (id=f34146d770cb3004686e16506303b174): Total: 51.306 seconds - Initiated by InitialRefreshV2(ForceSynchronousImport)
	(Values over 0.05ms)
	Summary:
		Imports: total=0 (actual=0, local cache=0, cache server=0)
		Asset DB Process Time: managed=0 ms, native=11654 ms
		Asset DB Callback time: managed=40 ms, native=2369 ms
		Scripting: domain reloads=1, domain reload time=2113 ms, compile time=35086 ms, other=40 ms
		Project Asset Count: scripts=1041, non-scripts=2109
		Asset File Changes: new=0, changed=0, moved=0, deleted=0
		Scan Filter Count: 0
	InvokePackagesCallback: 2372.583ms
	ApplyChangesToAssetFolders: 0.787ms
	Scan: 264.818ms
	Collect global state as custom dependencies: 53.917ms
	CategorizeScriptCompilationAssets: 552.498ms
	ProcessAssetsWithTransientArtifactChanges: 56.446ms
	CategorizeAssets: 63.682ms
	CompileScripts: 35086.223ms
	ImportOutOfDateAssets: 5482.453ms (5409.606ms without children)
		UnloadImportedAssets: 0.828ms
		EnsureUptoDateAssetsAreRegisteredWithGuidPM: 0.581ms
		ImportSchedulerStart: 71.391ms
	PostProcessAllAssets: 40.858ms
		MonoPostProcessAllAssets: 40.795ms
			UniversalRenderPipelineGlobalSettingsPostprocessor.OnPostprocessAllAssets 17.546ms
			SpeedTree9Postprocessor.OnPostprocessAllAssets 2.385ms
			WindowAssetPostprocessingWatcher.OnPostprocessAllAssets 2.218ms
			SyncVS.PostprocessSyncProject 1.702ms
			EditModeScopePostprocessor.OnPostprocessAllAssets 1.104ms
			RenderPipelineGlobalSettingsPostprocessor.OnPostprocessAllAssets 1.098ms
			ShaderReflectionAssetPostProcessor.OnPostprocessAllAssets 0.564ms
			InputActionAssetPostprocessor.OnPostprocessAllAssets 0.334ms
			CinemachineSettings.OnPostprocessAllAssets 0.309ms
			ReferencedClipsPostProcessor.OnPostprocessAllAssets 0.307ms
			TerrainToolbarOverlayPostProcessor.OnPostprocessAllAssets 0.245ms
			DomainReloadProcessor.OnPostprocessAllAssets 0.238ms
			AssetDatabaseCallbacks.OnPostprocessAllAssets 0.220ms
			ProjectSettingsPostprocessor.OnPostprocessAllAssets 0.196ms
	UnloadStreamsBegin: 2.975ms
	PersistCurrentRevisions: 0.134ms
	GenerateScriptTypeHashes: 3.671ms
	GenerateScriptTypeSerializationHashes: 6.274ms
	Untracked: 7323.578ms

Application.AssetDatabase Initial Refresh End
Launched and connected shader compiler UnityShaderCompiler.exe after 0.05 seconds
Scanning for USB devices : 2.308ms
Initializing Unity extensions:
[MODES] ModeService[none].Initialize
[MODES] ModeService[none].LoadModes
[MODES] Loading mode Default (0) for mode-current-id-Обучение по настройке в редакторе
Worker ready: AssetImportWorkerHW0 0
Unloading 60 Unused Serialized files (Serialized files now loaded: 0)
Loaded scene 'Assets/Scenes/GetStarted_Scene.unity'
	Deserialize:            44.002 ms
	Integration:            924.419 ms
	Integration of assets:  8.097 ms
	Thread Wait Time:       0.184 ms
	Total Operation Time:   976.702 ms
[Licensing::Client] Successfully resolved entitlement details
Unloading 4235 unused Assets / (10.2 MB). Loaded Objects now: 6180.
Memory consumption went from 386.6 MB to 376.4 MB.
Total: 15.058400 ms (FindLiveObjects: 0.689600 ms CreateObjectMapping: 0.638300 ms MarkObjects: 7.411700 ms  DeleteObjects: 6.028100 ms)

[LAYOUT] About to load UserSettings\Layouts\default-6000.dwlt, keepMainWindow=False
[LAYOUT] About to save layout E:\Unity\Test\UserSettings\Layouts\default-6000.dwlt
[LAYOUT] About to save layout C:/Users/Retr0/AppData/Roaming/Unity/Editor-5.x/Preferences\Layouts\current\default-6000.dwlt
[MODES] ModeService[default].InitializeCurrentMode
[MODES] ModeService[default].RaiseModeChanged(default, default)
Unity is not designed to run with Administrator privileges.

With elevated access, scripts in your project can modify system files, registry settings, or protected areas, even accidentally.
This could make your system unstable or unbootable.

Restart as a standard user for the safest experience.
<RI> Initializing input.
Using Windows.Gaming.Input
[Project] Loading completed in 89.725 seconds
	Project init time: 				82.058 seconds
		Template init time: 		0.000 seconds
		Package Manager init time: 		11.168 seconds
		Asset Database init time: 		1.123 seconds
		Global illumination init time: 	0.031 seconds
		Assemblies load time: 			12.685 seconds
		Unity extensions init time: 	0.029 seconds
		Asset Database refresh time: 	51.306 seconds
	Scene opening time: 			4.576 seconds
##utp:{"type":"ProjectInfo","version":2,"phase":"Immediate","time":1788253895696,"processId":21536,"projectLoad":89.72525169999999,"projectInit":82.0580701,"templateInit":0.0,"packageManagerInit":11.168403,"assetDatabaseInit":1.1227115,"globalIlluminationInit":0.031459,"assembliesLoad":12.684947,"unityExtensionsInit":0.0294176,"assetDatabaseRefresh":51.3060873,"sceneOpening":4.5762839}
##utp:{"type":"EditorInfo","version":2,"phase":"Immediate","time":1788253895697,"processId":21536,"editorVersion":"6000.5.10f1 (3bd4f66ad299)","branch":"6000.5/staging","buildType":"Release","platform":"Windows"}
[Licensing::Client] Successfully resolved entitlement details
[MODES] ModeService[default].LoadModes
[Licensing::Client] Successfully resolved entitlement details
Start Indexing on Editor startup
[Indexing] Starting Initial Indexing for Assets
Request Asset Garbage Collect because used heap size increased from 376.7 MB to 0.75 GB, exceeding the threshold of 256.0 MB.
Reloading assemblies due to reload request.
Unloading 139 Unused Serialized files (Serialized files now loaded: 0)
Reloading assemblies after forced synchronous recompile.
Begin MonoManager ReloadAssembly
Unloading 105 unused Assets / (17.1 MB). Loaded Objects now: 7417.
Memory consumption went from 0.72 GB to 0.70 GB.
Total: 19.893600 ms (FindLiveObjects: 0.408200 ms CreateObjectMapping: 0.188800 ms MarkObjects: 14.461800 ms  DeleteObjects: 4.833200 ms)

Assembly reference Packages/com.unity.cinemachine/Editor/Samples/ExposeHDRPInternals/HDRP-Editor-ref.asmref has no target assembly definition
'Packages/com.unity.cinemachine/Editor/Obsolete/CinemachineVirtualCameraBaseEditor.cs' contains partial class of Unity.Object, exactly 1 of the partial classes needs to be in a file with the same filename. This is to know the one that can be referenced from ie. GameObjects
'Packages/com.unity.cinemachine/Editor/Editors/CinemachineVirtualCameraBaseEditor.cs' contains partial class of Unity.Object, exactly 1 of the partial classes needs to be in a file with the same filename. This is to know the one that can be referenced from ie. GameObjects
Native extension for WindowsStandalone target not found
Native extension for WebGL target not found
[MODES] ModeService[none].Initialize
[MODES] ModeService[none].LoadModes
ScheduleIndexationOnStartup MainProcess:True IndexOnStartup:True
Mono: successfully reloaded assembly
- Finished resetting the current domain, in  2.597 seconds
Domain Reload Profiling: 3728ms
	BeginReloadAssembly (855ms)
		DisableScriptedObjects (182ms)
		CreateAndSetChildDomain (382ms)
	RebuildCommonClasses (14ms)
	RebuildNativeTypeToScriptingClass (19ms)
	initialDomainReloadingComplete (54ms)
	LoadAllAssembliesAndSetupDomain (188ms)
		LoadAssemblies (167ms)
		AnalyzeDomain (44ms)
			TypeCache.Refresh (7ms)
			ResolveRequiredComponents (33ms)
	FinalizeReload (2598ms)
		SetupLoadedEditorAssemblies (0ms)
			InitializePlatformSupportModulesInManaged (3ms)
			BeforeProcessingInitializeOnLoad (237ms)
			ProcessInitializeOnLoadAttributes (397ms)
			ProcessInitializeOnLoadMethodAttributes (175ms)
			AfterProcessingInitializeOnLoad (3ms)
		AwakeInstancesAfterBackupRestoration (1209ms)
No restricted APIs configured; Validation skipped.
Checking 11 assemblies for restricted APIs found 0 usage(s) in 7 ms

Asset Pipeline Refresh (id=15306ceb37a18294eaaaa1f68605e6fa): Total: 4.640 seconds - Initiated by StopAssetImportingV2(ForceSynchronousImport | ForceDomainReload)
	(Values over 0.05ms)
	Summary:
		Imports: total=0 (actual=0, local cache=0, cache server=0)
		Asset DB Process Time: managed=0 ms, native=2908 ms
		Asset DB Callback time: managed=415 ms, native=147 ms
		Scripting: domain reloads=1, domain reload time=1167 ms, compile time=2 ms, other=0 ms
		Project Asset Count: scripts=1041, non-scripts=2109
		Asset File Changes: new=0, changed=0, moved=0, deleted=0
		Scan Filter Count: 0
	InvokePackagesCallback: 2.368ms
	ApplyChangesToAssetFolders: 0.287ms
	Collect global state as custom dependencies: 4.045ms
	ProcessAssetsWithTransientArtifactChanges: 141.535ms
	CategorizeAssets: 55.097ms
	CompileScripts: 1.611ms
	ImportOutOfDateAssets: 2648.801ms (2608.567ms without children)
		CollectScriptTypesHashes: 3.206ms
		ReloadNativeAssets: 2.018ms
		UnloadImportedAssets: 2.362ms
		EnsureUptoDateAssetsAreRegisteredWithGuidPM: 0.707ms
		ImportSchedulerStart: 35.119ms
	PostProcessAllAssets: 547.658ms
		PostProcessCallbackCreateDeferredMaterials 16.347ms
		PostprocessAssetsUpdateCachedIcon 14.668ms
		AssemblyValidation.PostprocessAllAssets 13.352ms
		ShaderAssetModifiedCallback 7.251ms
		ComputeShaderImportPostprocess 6.801ms
		RaytracingShaderImportPostprocess 5.779ms
		SpeedTreeImporter.PostprocessAllAssets 5.186ms
		BlockShaderImporter.PostprocessAllAssets 3.163ms
		LocalizationDatabase.AssetDatabasePostprocessCallback 2.230ms
		SpriteAtlasDatabase.OnAssetPostprocessCallback 0.357ms
		WindowTitlePostprocess 0.317ms
		XRBuildSystem.XRAssetImported 0.083ms
		MonoPostProcessAllAssets: 412.129ms
			ShaderGraphAssetPostProcessor.OnPostprocessAllAssets 121.023ms
			AssetPostprocessor.OnPostprocessAllAssets 52.259ms
			AssetChangedListener.OnPostprocessAllAssets 33.050ms
			PostProcessor.OnPostprocessAllAssets 32.265ms
			MaterialPostprocessor.OnPostprocessAllAssets 24.413ms
			InputActionAssetPostprocessor.OnPostprocessAllAssets 22.733ms
			InputActionJsonNameModifierAssetProcessor.OnPostprocessAllAssets 22.374ms
			UniversalRenderPipelineGlobalSettingsPostprocessor.OnPostprocessAllAssets 15.212ms
			TextAssetPostProcessor.OnPostprocessAllAssets 13.213ms
			BuilderAssetPostprocessor.OnPostprocessAllAssets 6.819ms
			SpeedTree9Postprocessor.OnPostprocessAllAssets 4.610ms
			RenderPipelineGlobalSettingsPostprocessor.OnPostprocessAllAssets 4.099ms
			WindowAssetPostprocessingWatcher.OnPostprocessAllAssets 2.247ms
			RetainedModeAssetPostprocessor.OnPostprocessAllAssets 1.826ms
			ProjectSettingsPostprocessor.OnPostprocessAllAssets 1.693ms
			SyncVS.PostprocessSyncProject 1.602ms
			EditModeScopePostprocessor.OnPostprocessAllAssets 1.117ms
			TMPro_TexturePostProcessor.OnPostprocessAllAssets 1.042ms
			ArtifactBrowserPostProcessor.OnPostprocessAllAssets 0.665ms
			ShaderReflectionAssetPostProcessor.OnPostprocessAllAssets 0.649ms
			StyleCatalogPostProcessor.OnPostprocessAllAssets 0.439ms
			AudioMixerPostprocessor.OnPostprocessAllAssets 0.384ms
			CinemachineSettings.OnPostprocessAllAssets 0.363ms
			ReferencedClipsPostProcessor.OnPostprocessAllAssets 0.359ms
			SampleDependencyImporterPostProcessor.OnPostprocessAllAssets 0.332ms
			SpeedTreePostProcessor.OnPostprocessAllAssets 0.331ms
			TerrainToolbarOverlayPostProcessor.OnPostprocessAllAssets 0.285ms
			AssetEvents.OnPostprocessAllAssets 0.269ms
			DomainReloadProcessor.OnPostprocessAllAssets 0.228ms
			SamplePostprocessor.OnPostprocessAllAssets 0.188ms
			AssetDatabaseCallbacks.OnPostprocessAllAssets 0.182ms
			ConfigAssetsTracker.OnPostprocessAllAssets 0.168ms
			ScenarioDriftAssetsTracker.OnPostprocessAllAssets 0.147ms
			AudioContainerPostProcessor.OnPostprocessAllAssets 0.097ms
	PostAssetChangesProfiler: 15.255ms
	GatherAllCurrentPrimaryImportResultRevisions: 0.215ms
	PersistCurrentRevisions: 0.267ms
	GenerateScriptTypeHashes: 6.672ms
	GenerateScriptTypeSerializationHashes: 12.834ms
	Untracked: 1213.393ms

Created GICache directory at C:/Users/Retr0/AppData/LocalLow/Unity/Caches/GiCache. Took: 0.022s, timestamps: [91.515 - 91.536]
Opening scene 'Assets/Scenes/GetStarted_Scene.unity'
Unloading 0 Unused Serialized files (Serialized files now loaded: 0)
Loaded scene 'Assets/Scenes/GetStarted_Scene.unity'
	Deserialize:            3.105 ms
	Integration:            227.600 ms
	Integration of assets:  0.002 ms
	Thread Wait Time:       0.130 ms
	Total Operation Time:   230.837 ms
Unloading 3577 unused Assets / (109.6 MB). Loaded Objects now: 7309.
Memory consumption went from 0.75 GB to 0.65 GB.
Total: 20.659000 ms (FindLiveObjects: 3.353100 ms CreateObjectMapping: 0.474000 ms MarkObjects: 15.125200 ms  DeleteObjects: 1.704600 ms)

[LAYOUT] About to load Temp/QuickTourLayout.wlt, keepMainWindow=False
[LAYOUT] About to save layout E:\Unity\Test\UserSettings\Layouts\default-6000.dwlt
[LAYOUT] About to save layout C:/Users/Retr0/AppData/Roaming/Unity/Editor-5.x/Preferences\Layouts\current\default-6000.dwlt
[Licensing::Client] Successfully resolved entitlement details
[Licensing::Client] Successfully resolved entitlement details
[Licensing::Client] Successfully updated the access token
[Licensing::Module] Successfully updated access token: "Eg1gRxPn"... (expires: 2026-09-01T11:08:41Z)
[Licensing::Client] Successfully resolved entitlement details
[Licensing::Client] Successfully resolved entitlement details
UPID Received 'cd1d5ac2-5e40-4439-83f6-f30e66ed2c56'.
[Licensing::Client] Successfully resolved entitlement details
Asset Pipeline Refresh (id=0c3f136c2bad5ba40938f968a2d7b31a): Total: 0.024 seconds - Initiated by RefreshV2(AllowForceSynchronousImport)
TrimDiskCacheJob: Current cache size 0mb
Asset Pipeline Refresh (id=bbbe24a7fa6a1994fa54d3cf5fbc72d1): Total: 0.005 seconds - Initiated by RefreshV2(AllowForceSynchronousImport)
Importing 'GUID: f4c0d51c041a4394db11bbf210985876 - Path: Assets/TextMesh Pro/Sprites/1.txt' with importer (TextScriptImporter)
Imported 'GUID: f4c0d51c041a4394db11bbf210985876' -> (Import Result ID: 'f48f577cb358404ce81c428522597784') in 0.031 seconds [static dependencies only]. Details - ImportResultOutputID=6e3237e697da529740449a1632ebea15 DependenciesID=0097cce16d688171d5e569dde3799c4d StaticDependenciesID=e0039574e9d05472820767e79402ed0c 
Asset Pipeline Refresh (id=beef9ad9d67a3244fa5756330844bf4d): Total: 0.154 seconds - Initiated by RefreshV2(AllowForceSynchronousImport)
Asset Pipeline Refresh (id=16d54b1ef02e83f468ab1dd8b24fb6ff): Total: 0.016 seconds - Initiated by RefreshV2(AllowForceSynchronousImport)
